participant_id,country,gender,age_group,environment,religion,region,continent
8ea0f472-3c7f-4400-883e-2c114e61290a,United Kingdom,Female,46-55,Urban,I do not identify with any religious group or faith,Northern Europe,Europe
0e7d18a2-08d5-447d-800a-5f0895d1e90e,South Africa,Female,36-45,Rural,Christianity,Southern Africa,Africa
d8001c60-87d7-48d6-b509-5fd9febde79f,United Kingdom,Female,65,Rural,Christianity,Northern Europe,Europe
e404467c-a96e-4d20-82e3-0180913cf935,United Kingdom,Male,26-35,Urban,I do not identify with any religious group or faith,Northern Europe,Europe
0dec9cb5-763f-4891-bcf8-813ed54f8c4a,United Kingdom,Male,36-45,Urban,I do not identify with any religious group or faith,Northern Europe,Europe
e9184551-f330-4169-a235-f171870c699c,Austria,Female,36-45,Urban,I do not identify with any religious group or faith,Western Europe,Europe
a3637cf5-7535-4326-a77f-b26456fd667e,India,Female,36-45,Urban,I do not identify with any religious group or faith,Southern Asia,Asia
be7bc67b-8821-4328-92f9-e45da0cd75e9,Viet Nam,Female,26-35,Urban,I do not identify with any religious group or faith,South-eastern Asia,Asia
06edbd79-a535-465f-b693-f7c99323b533,United Kingdom,Female,46-55,Rural,Christianity,Northern Europe,Europe
074177a6-214a-4282-8a9c-56062cbd54ac,India,Male,18-25,Urban,Hinduism,Southern Asia,Asia
acbe68b5-90f3-42d1-8977-297f083ab5d3,India,Female,18-25,Urban,Hinduism,Southern Asia,Asia
b838ada2-85ee-4320-9cfd-c16e334e1edf,India,Male,26-35,Rural,Hinduism,Southern Asia,Asia
f449d685-03ef-4f38-9357-a8d5960ed918,Ireland,Male,26-35,Urban,Christianity,Northern Europe,Europe
837ac8d4-3198-4a16-b73a-fd68916ead18,India,Male,36-45,Urban,Hinduism,Southern Asia,Asia
b426bbe5-325f-4af4-bd8c-ac4ca303c6c2,India,Female,18-25,Urban,Hinduism,Southern Asia,Asia
8d166dbb-6557-44a3-b05c-eb5e817b3e52,Kenya,Male,18-25,Urban,Christianity,Eastern Africa,Africa
80fa86b4-1e78-4017-acc5-b31424240bf4,United Kingdom,Male,36-45,Urban,Christianity,Northern Europe,Europe
dfb88815-14d4-4da3-a26e-ee2593b42865,Egypt,Male,18-25,Rural,Islam,Northern Africa,Africa
1e778180-81fb-4f05-ba29-ed05df8bbe16,Kenya,Male,18-25,Urban,Christianity,Eastern Africa,Africa
a9210e3a-e1f0-404f-b2e0-eb98ba1cb5b9,India,Male,26-35,Urban,Hinduism,Southern Asia,Asia
f586833f-68f3-41c4-8b91-04b5a8fc3dff,India,Male,18-25,Urban,Hinduism,Southern Asia,Asia
e1f54601-5f59-481f-86e5-26d3f8987e34,India,Male,18-25,Urban,Hinduism,Southern Asia,Asia
bb38e4bd-1151-4e0c-9b8a-c2973255e078,Germany,Male,36-45,Urban,Christianity,Western Europe,Europe
c9d7ece9-eacd-46c3-a24a-9b6be6971341,Egypt,Male,18-25,Rural,Islam,Northern Africa,Africa
f39def31-9868-49fd-8399-0a39ddd07f82,India,Female,18-25,Urban,Hinduism,Southern Asia,Asia
b7d2e58a-bfef-4676-a5dc-3219daada0fe,India,Female,18-25,Urban,Islam,Southern Asia,Asia
819315b9-8662-43a1-bc3f-4621ad288c1e,India,Male,26-35,Urban,Hinduism,Southern Asia,Asia
36cada0f-aba2-49ac-ac4e-d48fb1ae5046,Poland,Male,26-35,Urban,Christianity,Eastern Europe,Europe
5fad4b28-27c0-403a-b2dc-3b7198851c1c,India,Male,18-25,Urban,Islam,Southern Asia,Asia
9acd8336-17bc-4fb4-b5a2-69bec9036acb,Viet Nam,Female,26-35,Urban,Buddhism,South-eastern Asia,Asia
1773d199-3172-4885-9a18-8c3ef524a779,China,Female,26-35,Urban,I do not identify with any religious group or faith,Eastern Asia,Asia
1d61be21-ce92-485b-a727-48fb8c1c1b88,India,Female,36-45,Urban,Christianity,Southern Asia,Asia
de5af20f-22da-4647-ae19-cf007b01abd2,Kenya,Female,18-25,Urban,I do not identify with any religious group or faith,Eastern Africa,Africa
fa9582f0-353d-4849-8370-233a7d19f507,Kenya,Female,26-35,Urban,Other religious group,Eastern Africa,Africa
86c9932c-25c7-4274-a5c2-b2d322c707fb,Indonesia,Male,36-45,Urban,Islam,South-eastern Asia,Asia
4f2925ee-983d-4882-87f6-30308a901cd4,India,Female,18-25,Urban,Hinduism,Southern Asia,Asia
2e898393-2967-4a48-8807-f70d791055e4,India,Male,26-35,Urban,Islam,Southern Asia,Asia
5f44e5e0-8b7e-4d39-9c3e-4823f0e3601a,Germany,Female,26-35,Rural,Christianity,Western Europe,Europe
722dfd1b-4614-4c3a-93cc-7847c7e1c536,Spain,Male,26-35,Urban,Christianity,Southern Europe,Europe
f4c33798-d896-4075-96de-29c0f7ec14f8,Kenya,Male,26-35,Urban,Christianity,Eastern Africa,Africa
c3aa49a9-7297-437f-b0b7-ec4ac83d297a,France,Male,36-45,Rural,I do not identify with any religious group or faith,Western Europe,Europe
6c791a6f-639a-427b-8085-b44e20bcf922,India,Male,26-35,Urban,I do not identify with any religious group or faith,Southern Asia,Asia
2e976678-7527-4bc1-9d72-afa304f98f65,India,Female,18-25,Urban,Christianity,Southern Asia,Asia
10747d22-ca7f-4313-a603-702e41e2f9db,Viet Nam,Female,36-45,Urban,I do not identify with any religious group or faith,South-eastern Asia,Asia
6a123d0c-36fa-49ba-9232-4c75fbac9569,Poland,Male,26-35,Urban,Christianity,Eastern Europe,Europe
a8fc10eb-3bd2-4c1b-a528-8ff7d12f75d3,India,Male,18-25,Urban,Hinduism,Southern Asia,Asia
732b2431-c68e-4467-bc1c-e12abd0ec27d,Spain,Female,26-35,Urban,I do not identify with any religious group or faith,Southern Europe,Europe
ee90542e-950f-4e14-a863-fde31491e89d,Germany,Female,46-55,Urban,I do not identify with any religious group or faith,Western Europe,Europe
006425fd-934a-4080-99a1-beaf0e9e1d6d,Republic of Korea,Male,46-55,Urban,I do not identify with any religious group or faith,Eastern Asia,Asia
00d04256-30f1-414e-b689-038f2e835eb4,India,Male,26-35,Rural,Christianity,Southern Asia,Asia
fe247204-3acc-4acb-bfbf-bbf9d24853b9,Hungary,Female,36-45,Urban,I do not identify with any religious group or faith,Eastern Europe,Europe
0ef37b31-8e66-4bd3-8e32-914d10426c7a,Kenya,Male,18-25,Urban,Christianity,Eastern Africa,Africa
eb77d4c0-2b1f-455e-8146-93222e60ee80,Sweden,Male,46-55,Urban,I do not identify with any religious group or faith,Northern Europe,Europe
fada6d28-1a79-433d-b5cb-bded8624d502,India,Male,36-45,Urban,Hinduism,Southern Asia,Asia
69e8c720-4a1f-46cc-b086-6147307c42f6,Egypt,Male,18-25,Urban,Islam,Northern Africa,Africa
a31444b8-145b-4d62-936d-8e5403f6cb1d,India,Male,26-35,Urban,Islam,Southern Asia,Asia
6d9426e8-bd1b-4e83-864b-50e8c1e96f05,Viet Nam,Male,56-65,Urban,I do not identify with any religious group or faith,South-eastern Asia,Asia
25a0da5b-8660-4c7e-978e-19f80ed64494,Chile,Male,46-55,Urban,I do not identify with any religious group or faith,South America,South America
9773b04a-e50c-4682-a1cf-b9c25af9602f,India,Male,26-35,Urban,Hinduism,Southern Asia,Asia
2829cd7d-d899-4022-8d46-87f237fc9ad2,India,Male,26-35,Urban,I do not identify with any religious group or faith,Southern Asia,Asia
3b30ef68-d800-42a0-a109-9c842b955188,Italy,Male,26-35,Urban,I do not identify with any religious group or faith,Southern Europe,Europe
d34842ba-f8d3-47a5-a0ef-d07427f4b4e1,South Africa,Male,18-25,Urban,Christianity,Southern Africa,Africa
8982816f-bdc5-41be-aa10-c0d2adde2e7a,Kenya,Male,26-35,Urban,Christianity,Eastern Africa,Africa
9e11f780-c4dd-4ed1-be93-945c5a7a0d3b,India,Male,26-35,Urban,Islam,Southern Asia,Asia
b01306db-12d3-4535-8a1c-89cc29cc2ca5,Pakistan,Male,26-35,Urban,Islam,Southern Asia,Asia
de4dd3da-bf75-402d-b64a-05b31bd16bba,Croatia,Male,46-55,Urban,Christianity,Southern Europe,Europe
124c5f3c-0950-4b22-a43a-3df03693724c,Kenya,Female,18-25,Urban,Christianity,Eastern Africa,Africa
748326d6-a11c-4d82-b3f2-7fcec3962787,Italy,Female,26-35,Urban,Christianity,Southern Europe,Europe
04cf6cfb-9b82-4360-83ec-df204ee32f27,Viet Nam,Male,26-35,Urban,I do not identify with any religious group or faith,South-eastern Asia,Asia
afc611e3-73a9-423e-8c27-e0bbae8808e2,India,Female,18-25,Urban,Hinduism,Southern Asia,Asia
06e1ec3f-64fd-4b37-962d-2a42a8a5a5bf,Kenya,Male,26-35,Urban,I do not identify with any religious group or faith,Eastern Africa,Africa
66ec386e-7c76-4107-bcfb-1977bfcfd855,Brazil,Male,26-35,Urban,Christianity,South America,South America
13f2fb4f-727d-44cc-b704-afaadf5b66d0,India,Female,18-25,Urban,Hinduism,Southern Asia,Asia
83394973-6266-4942-a2e2-7b8df70aa6c8,India,Male,36-45,Urban,I do not identify with any religious group or faith,Southern Asia,Asia
beb17bc7-586a-487c-adba-397d16d93dc6,Kenya,Female,26-35,Urban,Christianity,Eastern Africa,Africa
007181c5-8e13-4796-8a49-d5bae995ef57,United States of America,Male,46-55,Urban,Christianity,Northern America,North America
58bce3a7-d47e-4dcb-9314-b9ed69228b87,India,Male,26-35,Urban,Hinduism,Southern Asia,Asia
5508e401-4c64-4de0-b20e-cea02a01cbac,India,Male,26-35,Urban,Hinduism,Southern Asia,Asia
347dcc6a-2ae5-46b0-b11b-9b314ba54baf,India,Male,18-25,Urban,Hinduism,Southern Asia,Asia
20f8d901-f75b-42bf-b243-506daadb9e56,Egypt,Female,26-35,Urban,Islam,Northern Africa,Africa
d496f357-0ca9-471c-90f0-f052d4706d19,Netherlands,Female,36-45,Rural,I do not identify with any religious group or faith,Western Europe,Europe
c45d31a8-f5e5-4d50-b394-ba7f5b5e4a0b,Philippines,Female,18-25,Urban,Christianity,South-eastern Asia,Asia
245664d7-34d1-4b73-b4b1-327c99c45587,Kenya,Female,18-25,Urban,Christianity,Eastern Africa,Africa
e39eff08-134c-4134-a777-c266545c1ac0,Morocco,Male,18-25,Urban,Islam,Northern Africa,Africa
6edcc57e-bd3f-4722-811a-94e6e269363f,South Africa,Male,26-35,Urban,Christianity,Southern Africa,Africa
9cb56042-0c74-487b-8671-8eca5e82168a,India,Male,26-35,Urban,Hinduism,Southern Asia,Asia
0b59e0e9-93b5-4771-adcd-c469032d5f79,South Africa,Male,26-35,Urban,Islam,Southern Africa,Africa
c77b1b45-31e6-4196-9a4e-717a4a644f6a,Pakistan,Female,26-35,Urban,I do not identify with any religious group or faith,Southern Asia,Asia
cd6895e7-9b8c-403b-8e1c-5aac2ff7bf29,Poland,Female,18-25,Urban,Christianity,Eastern Europe,Europe
8c4634e4-827b-45ad-8063-5a5144867a94,Romania,Male,36-45,Urban,Christianity,Eastern Europe,Europe
a0aa5b3c-e9ce-471e-b483-da6e8777de02,Germany,Male,26-35,Urban,I do not identify with any religious group or faith,Western Europe,Europe
83af0e52-6837-4d80-bff4-37df57abf4e0,India,Male,18-25,Urban,Hinduism,Southern Asia,Asia
30814c5b-c96c-41ba-98a1-d35de71e0acd,Algeria,Female,26-35,Urban,Islam,Northern Africa,Africa
90f76011-51cd-45b7-b8e8-a188af502e7c,South Africa,Female,26-35,Urban,Christianity,Southern Africa,Africa
0ad7d326-84fc-4907-a7b5-79d4b6726e26,Indonesia,Female,26-35,Urban,Islam,South-eastern Asia,Asia
082ddb2e-a5aa-41ca-89ad-e66b0fb5f2ff,Brazil,Male,26-35,Urban,Christianity,South America,South America
f6673781-bc0d-4f1f-a743-758b9ab418f2,Kenya,Female,26-35,Urban,Christianity,Eastern Africa,Africa
b4b1205b-d6f9-4227-bfbc-eaedc2079864,Malaysia,Male,26-35,Urban,Islam,South-eastern Asia,Asia
43381513-d04c-4d81-98e8-765843900cda,South Africa,Female,46-55,Urban,Christianity,Southern Africa,Africa
985a3cb9-f9f2-4b1f-9f46-f9083bd05c38,Philippines,Male,18-25,Urban,Christianity,South-eastern Asia,Asia
557f08ef-fb81-4c9d-a675-de12f48acda5,Japan,Female,36-45,Urban,Buddhism,Eastern Asia,Asia
294aa775-7d2f-44b4-990a-6139a4598e68,Indonesia,Male,18-25,Urban,Islam,South-eastern Asia,Asia
e21829c2-7281-482f-80db-198f20bd562e,Kenya,Male,18-25,Urban,Christianity,Eastern Africa,Africa
48b4f71b-b31d-4ada-82e2-7e6036c75716,Brazil,Female,56-65,Urban,Christianity,South America,South America
b8d10da1-a8ac-4bd7-b169-845dc71f6c2e,Viet Nam,Male,26-35,Urban,I do not identify with any religious group or faith,South-eastern Asia,Asia
dab4911d-b307-4e98-9d7f-322610ec0ddd,Brazil,Male,18-25,Urban,Christianity,South America,South America
c4deda34-3e85-49a1-b532-6ec1cd83562f,Belgium,Male,18-25,Urban,Christianity,Western Europe,Europe
9bc53e4d-a8e2-45f4-9ad1-7b2a723a68cc,India,Female,26-35,Urban,Hinduism,Southern Asia,Asia
551c36b1-1d8d-46fe-9136-9d9ad79b8166,Mexico,Male,46-55,Urban,Christianity,Central America,North America
74c53bb4-8dd2-4e59-907a-43b32754236d,India,Male,18-25,Rural,Hinduism,Southern Asia,Asia
4ffb8f99-8383-4561-8bb2-c7684db96a0a,United Kingdom,Male,26-35,Urban,I do not identify with any religious group or faith,Northern Europe,Europe
47d20958-7e7a-4759-819d-57253fc52d91,United Arab Emirates,Male,36-45,Urban,I do not identify with any religious group or faith,Western Asia,Asia
ba687b22-223c-4750-8047-f9a06012db2b,Egypt,Male,18-25,Urban,Christianity,Northern Africa,Africa
d9270751-4590-4b9b-80df-ea4ae73cfefc,Pakistan,Female,18-25,Urban,Islam,Southern Asia,Asia
61927a70-5248-487a-818b-2ad2b5d24175,Italy,Male,46-55,Urban,Christianity,Southern Europe,Europe
3599e937-aea4-42c9-9997-e08742fc68a1,Brazil,Male,26-35,Urban,Christianity,South America,South America
af8606a5-1363-477c-945b-0177e837354b,India,Male,18-25,Urban,Islam,Southern Asia,Asia
6245910c-edae-4b10-9529-c80ccbc2a3b0,Egypt,Male,26-35,Urban,Islam,Northern Africa,Africa
8b61e354-95e0-42ce-82eb-b2da602f91ec,Poland,Male,36-45,Urban,I do not identify with any religious group or faith,Eastern Europe,Europe
001a4fea-1449-4151-8ed9-a7459fc242fe,United States of America,Female,36-45,Urban,Christianity,Northern America,North America
55eff90c-6321-47df-ab7d-1bb7542528ef,Italy,Female,26-35,Rural,I do not identify with any religious group or faith,Southern Europe,Europe
66302aa7-57e3-4f05-a02a-801ee924bd79,Spain,Male,26-35,Urban,I do not identify with any religious group or faith,Southern Europe,Europe
be89990e-a7d8-43a2-ae37-b0e17278c97a,Spain,Male,26-35,Urban,I do not identify with any religious group or faith,Southern Europe,Europe
6451be2b-1011-4c12-a2d3-93fea9c26654,Finland,Male,26-35,Urban,Christianity,Northern Europe,Europe
ec115f0c-2272-479e-b3c4-6cd24ec81383,Pakistan,Female,36-45,Urban,Islam,Southern Asia,Asia
453433fe-c6de-4cec-a53d-ba23e1ab3e96,Egypt,Female,18-25,Urban,Islam,Northern Africa,Africa
ace02a9b-7f50-4613-b2aa-033557a34a2c,United States of America,Male,36-45,Rural,I do not identify with any religious group or faith,Northern America,North America
aa67506c-49f0-432f-ac8a-9306ffc636f5,Slovakia,Male,18-25,Rural,I do not identify with any religious group or faith,Eastern Europe,Europe
0b074f11-7e3a-44c8-9a5e-8a711a2b6279,United Kingdom,Female,36-45,Rural,Christianity,Northern Europe,Europe
61c8e3d0-76e9-4e3a-9b0d-9ac2b3f21c39,Brazil,Male,26-35,Urban,Christianity,South America,South America
25c27a91-4cc8-4686-9062-68ea93aa5e2f,Germany,Male,26-35,Urban,Christianity,Western Europe,Europe
21e24a77-e6ca-4e93-affa-f63893b90aa3,Brazil,Female,36-45,Urban,Christianity,South America,South America
aa495930-fbd9-426a-8da4-e4947a937f97,Brazil,Female,46-55,Urban,I do not identify with any religious group or faith,South America,South America
c5b16116-8c59-41f2-a5f8-515e82647ff1,Kenya,Female,18-25,Urban,Christianity,Eastern Africa,Africa
94bc58e6-5939-4338-9c6c-b8932ef3c133,France,Female,18-25,Rural,I do not identify with any religious group or faith,Western Europe,Europe
af4dd8b2-a8c2-41cc-b76e-62ab03d786f1,Egypt,Female,18-25,Urban,Islam,Northern Africa,Africa
3420ce78-5479-4dd5-9bb5-ac968281aa8f,South Africa,Female,26-35,Urban,Christianity,Southern Africa,Africa
cd1cef19-3ad1-4126-a56d-dd7bd7f5e38c,France,Male,36-45,Rural,I do not identify with any religious group or faith,Western Europe,Europe
dd659b55-a0a6-4593-aa34-8f58999b8c7a,Viet Nam,Male,18-25,Urban,Christianity,South-eastern Asia,Asia
bab9d0fa-edbe-411c-9045-4534b6a391b8,Mexico,Female,26-35,Urban,I do not identify with any religious group or faith,Central America,North America
3e9fe380-ee52-4f45-856c-faeea3b5f915,United States of America,Male,56-65,Urban,Judaism,Northern America,North America
451d4286-a9d6-4ade-a401-b9142cc2c303,Mexico,Male,18-25,Urban,I do not identify with any religious group or faith,Central America,North America
f49a7a44-fa04-4b14-882a-792bf1d6d989,United States of America,Male,46-55,Rural,I do not identify with any religious group or faith,Northern America,North America
20b5d052-3bd2-4b61-86be-77b211559a73,Switzerland,Male,56-65,Urban,I do not identify with any religious group or faith,Western Europe,Europe
bdd2fc8c-2362-4681-8638-fef4ce458610,Morocco,Male,26-35,Urban,Islam,Northern Africa,Africa
a23e2841-eb05-4570-9519-3a0592036be9,Netherlands,Female,18-25,Urban,Islam,Western Europe,Europe
779e66e9-49aa-41e6-b3b2-956f1c46f5b9,Germany,Male,26-35,Rural,Christianity,Western Europe,Europe
aeec4790-acdc-48da-8496-0437fc69c126,India,Female,36-45,Urban,Hinduism,Southern Asia,Asia
5187104f-5066-4a27-a2c7-8a2a53d4d010,Mexico,Male,26-35,Urban,Christianity,Central America,North America
1f05a3be-aa45-42c7-8f95-c2bb8f8654ca,United States of America,Male,26-35,Urban,Christianity,Northern America,North America
fbc5b74f-977a-4215-8a45-c7ac24af9331,Canada,Female,46-55,Urban,I do not identify with any religious group or faith,Northern America,North America
5b32f035-d3a4-4f89-8ec0-d67e317aba36,Japan,Female,36-45,Urban,I do not identify with any religious group or faith,Eastern Asia,Asia
dc6adf49-95ab-48c9-9161-0614bf7dba35,Brazil,Male,26-35,Urban,I do not identify with any religious group or faith,South America,South America
5f462c50-69d8-410d-aee1-9be63ebf2b2c,India,Male,18-25,Urban,Hinduism,Southern Asia,Asia
3a1439b3-4bde-4da0-8499-901a2d89b3bf,Austria,Male,26-35,Rural,I do not identify with any religious group or faith,Western Europe,Europe
62649e47-6764-4e15-afe4-1bc2a50e62f5,Brazil,Male,26-35,Urban,I do not identify with any religious group or faith,South America,South America
748e0a82-0338-452d-b6b2-62bff30497ca,United States of America,Female,26-35,Urban,I do not identify with any religious group or faith,Northern America,North America
abfe3b6c-2794-495e-b66e-3bcc10622b53,Indonesia,Male,36-45,Urban,Islam,South-eastern Asia,Asia
4b50c51e-5164-4466-b96f-2c183f124059,India,Male,26-35,Urban,Islam,Southern Asia,Asia
1fa72221-41f7-48f0-aadc-9081358ebd35,Spain,Female,36-45,Urban,Christianity,Southern Europe,Europe
d65294ac-7d7d-4377-9633-e9189bb67768,Egypt,Male,26-35,Rural,Islam,Northern Africa,Africa
67b79dc7-d67c-4850-80fe-4f6b4c012774,South Africa,Female,26-35,Urban,Christianity,Southern Africa,Africa
5da6e53b-0ee9-4037-9c25-36ad4de70668,India,Female,36-45,Urban,Islam,Southern Asia,Asia
07c0e125-f7cf-4a2e-af7e-87040b41a734,Japan,Female,46-55,Rural,Buddhism,Eastern Asia,Asia
963cc766-8cc2-4718-bcbd-97ff6aff9170,United States of America,Female,46-55,Urban,I do not identify with any religious group or faith,Northern America,North America
5e074062-d71c-4542-bb10-8db8f53955d2,India,Male,18-25,Urban,Hinduism,Southern Asia,Asia
6281cde1-1cb9-4938-8a6d-d71513af85ca,India,Male,26-35,Urban,Hinduism,Southern Asia,Asia
207a36c2-95dc-40d0-858b-a8be24608b1e,Italy,Male,56-65,Urban,Christianity,Southern Europe,Europe
9ceb2b65-d0f7-458c-ae42-d43a7c4fb673,India,Male,36-45,Urban,Hinduism,Southern Asia,Asia
141b0955-aa52-4004-bc30-f88543f493c7,Egypt,Male,26-35,Urban,Islam,Northern Africa,Africa
9e88fad7-7d99-4f7e-bd0e-5c75ff8765d7,France,Male,18-25,Urban,I do not identify with any religious group or faith,Western Europe,Europe
d1a74eab-ed7d-477c-ac34-675dd2ceccf7,Canada,Female,26-35,Urban,Christianity,Northern America,North America
a08cc22b-7216-4c21-9599-96800e4031c8,Italy,Female,26-35,Urban,Christianity,Southern Europe,Europe
1b636ffc-d065-4e20-8def-193cb8144a96,Germany,Male,18-25,Rural,I do not identify with any religious group or faith,Western Europe,Europe
0b83183d-7e01-4863-9b02-93e5dd754dd3,India,Male,26-35,Urban,I do not identify with any religious group or faith,Southern Asia,Asia
b0c40cb1-933a-4a7e-95fa-e686d8ac0855,Denmark,Male,26-35,Urban,I do not identify with any religious group or faith,Northern Europe,Europe
7ccdfded-f8b3-45fa-ac52-84fed8527c51,United States of America,Female,46-55,Urban,Other religious group,Northern America,North America
0b298303-dd03-40a9-a3a0-fe5cf367624a,United States of America,Male,26-35,Urban,I do not identify with any religious group or faith,Northern America,North America
0cd122be-161d-4131-9514-b4b50736ea79,United States of America,Female,46-55,Urban,Christianity,Northern America,North America
be0f014d-5d52-4f01-87ef-dcab3df637cc,United States of America,Male,36-45,Urban,I do not identify with any religious group or faith,Northern America,North America
b366564e-bf02-400d-b6f1-c7baf149181c,Indonesia,Male,36-45,Urban,Islam,South-eastern Asia,Asia
a521fdb8-c2cb-4d0a-91e0-74875fcf8ced,Pakistan,Female,26-35,Urban,Islam,Southern Asia,Asia
cfb74985-b430-47e0-ace3-3a9ef96d56b9,Egypt,Male,18-25,Rural,Islam,Northern Africa,Africa
50bffe08-3c62-474c-aeb7-2f79df1f6dad,France,Female,26-35,Urban,I do not identify with any religious group or faith,Western Europe,Europe
0c1b5d22-d0b3-4b69-b249-fb2813283f8a,Brazil,Female,18-25,Urban,I do not identify with any religious group or faith,South America,South America
5cb28919-0697-4811-b4e3-2de8b0c1ad0d,Chile,Male,26-35,Urban,Christianity,South America,South America
e1447d29-6f31-482c-8967-0eae2c57534a,Egypt,Male,18-25,Urban,Islam,Northern Africa,Africa
4c33db9d-6ed7-4f7a-af6e-4046c1af778d,Japan,Female,46-55,Urban,Buddhism,Eastern Asia,Asia
a18cd442-ec59-4e1a-95c0-59a97c3f3d7d,United Kingdom,Female,46-55,Rural,Christianity,Northern Europe,Europe
b69fe133-25d5-44a6-a462-cabd070466c5,United States of America,Male,36-45,Urban,Christianity,Northern America,North America
a3347b05-0c4e-48e6-affa-6f5cb8111ead,Kenya,Female,26-35,Urban,Christianity,Eastern Africa,Africa
8aa3b190-1d3c-478a-834d-7d915d2c4f86,Norway,Male,26-35,Urban,I do not identify with any religious group or faith,Northern Europe,Europe
651d746a-fee1-4894-8cbf-7658e6bff18d,Japan,Male,36-45,Urban,Christianity,Eastern Asia,Asia
f1aa39e6-4af2-4d95-95a0-4ecdcc1d1ced,Egypt,Female,18-25,Urban,Islam,Northern Africa,Africa
f4c936a0-8d4e-4ee1-89e8-8a937bc9e964,United States of America,Female,26-35,Urban,I do not identify with any religious group or faith,Northern America,North America
2804239b-630b-4cd0-a000-61f36a36f53b,India,Female,18-25,Urban,Hinduism,Southern Asia,Asia
0f4ed8b9-b143-4cfe-9fbf-5f9779f6944c,Croatia,Female,46-55,Urban,Christianity,Southern Europe,Europe
eca1112a-029f-4a7b-9116-73a46776d92c,Egypt,Male,18-25,Urban,Islam,Northern Africa,Africa
4926ef0d-48bb-4476-9dd0-74e2e68cc322,Brazil,Male,18-25,Urban,Christianity,South America,South America
4a620fee-4b90-44b5-942f-a1ae558b3820,Canada,Male,18-25,Urban,Christianity,Northern America,North America
435ebb17-89b2-455e-a281-d02e87ad8198,United States of America,Male,36-45,Urban,Christianity,Northern America,North America
995b3c5f-5678-494d-9747-78646f8613b6,Kenya,Male,18-25,Urban,Christianity,Eastern Africa,Africa
affb9169-3ad6-4ee0-95d6-25353c466033,Malaysia,Female,26-35,Urban,Islam,South-eastern Asia,Asia
1615a069-5320-4c97-802b-51007211233d,India,Male,18-25,Urban,Hinduism,Southern Asia,Asia
19f35922-6c61-4a4a-acdd-f0366d3c3239,United States of America,Female,46-55,Urban,I do not identify with any religious group or faith,Northern America,North America
151260d5-557f-4ef0-b1a9-57cd21e91e17,Malawi,Male,26-35,Urban,Christianity,Eastern Africa,Africa
fbaea314-71b6-432d-b562-9822910d1425,Italy,Male,18-25,Rural,Christianity,Southern Europe,Europe
73eabe6a-cd23-40ca-bfd0-9fd6d7b2296d,Canada,Male,46-55,Urban,Buddhism,Northern America,North America
f5e9de96-22b8-4348-b98a-d94209ef006e,India,Male,18-25,Urban,Hinduism,Southern Asia,Asia
33b2c82f-1319-4923-8c22-496538c38ce0,Spain,Male,26-35,Urban,I do not identify with any religious group or faith,Southern Europe,Europe
f1e19f2a-18c9-45c0-a3ec-862fea1669bd,India,Male,36-45,Rural,Christianity,Southern Asia,Asia
082908d8-773d-47b1-bcd2-7e130b673eb2,Canada,Female,26-35,Urban,I do not identify with any religious group or faith,Northern America,North America
45896601-e302-456d-963b-0c9a74e2c7cb,Italy,Male,26-35,Urban,I do not identify with any religious group or faith,Southern Europe,Europe
161a58b9-3654-4178-a8f9-461d5fa068d7,Israel,Female,26-35,Urban,Other religious group,Western Asia,Asia
ffbc0475-3536-4b60-89ed-40d5236d605b,India,Male,18-25,Urban,Hinduism,Southern Asia,Asia
cba53b89-f15f-4655-a604-5efa06432930,Greece,Male,26-35,Urban,I do not identify with any religious group or faith,Southern Europe,Europe
1a62d924-780d-476c-a171-d513f7d3422b,Viet Nam,Male,26-35,Urban,I do not identify with any religious group or faith,South-eastern Asia,Asia
399bf73e-4907-49cc-837b-0f4095030e02,India,Female,18-25,Urban,Hinduism,Southern Asia,Asia
adab77df-a719-4076-9ad4-3342d8936220,India,Male,26-35,Urban,Christianity,Southern Asia,Asia
f1697edc-4bc3-4fa3-9aeb-58bd1ecd85a4,Australia,Female,26-35,Urban,Christianity,Australia and New Zealand,Oceania
2c328eb0-fee6-424d-b779-ec6963df71ca,Germany,Male,26-35,Urban,I do not identify with any religious group or faith,Western Europe,Europe
d96bb247-bf6f-473c-8fb5-5a3915aa763c,Egypt,Male,18-25,Rural,Islam,Northern Africa,Africa
1ba1827e-89ce-40af-8a88-42c5ccbd0156,China,Female,26-35,Urban,I do not identify with any religious group or faith,Eastern Asia,Asia
8dee7d5a-66ec-48ee-be36-060f9e544027,India,Female,18-25,Urban,Hinduism,Southern Asia,Asia
480d5ea2-2d5e-42ae-ade7-1b992d8775aa,India,Female,46-55,Urban,Other religious group,Southern Asia,Asia
1f45c761-57f0-4506-9987-7bd0077de906,United States of America,Male,56-65,Urban,Judaism,Northern America,North America
c7c9de9d-985d-42b8-b10c-239c67092811,Algeria,Male,18-25,Urban,Islam,Northern Africa,Africa
e5af118c-7a46-4ef4-877d-383ce071c772,France,Male,36-45,Urban,I do not identify with any religious group or faith,Western Europe,Europe
3b0a9811-c07f-4be8-ab5c-8d57faa8b24d,France,Male,26-35,Rural,I do not identify with any religious group or faith,Western Europe,Europe
c17f6353-1f58-403b-a3c7-e42203b5c85b,Republic of Korea,Female,26-35,Urban,Christianity,Eastern Asia,Asia
b9b30fbc-68dc-4701-97bc-a0c2a02962e8,India,Male,56-65,Urban,Hinduism,Southern Asia,Asia
cdbc7b40-f75d-4f78-8ef0-eae888430e94,Croatia,Female,46-55,Urban,Christianity,Southern Europe,Europe
1f3cb760-f092-468d-bedd-1896a38cbc87,Malaysia,Female,36-45,Urban,Christianity,South-eastern Asia,Asia
14d91bb5-8adc-4ab3-a0cb-1a8b05281a87,India,Male,46-55,Urban,Hinduism,Southern Asia,Asia
db94de01-4f89-414b-9eef-6dd54a01a7f3,Malaysia,Male,26-35,Urban,Islam,South-eastern Asia,Asia
5657aeba-2dfa-4c58-9f34-c8caa939cb4a,India,Male,18-25,Urban,Islam,Southern Asia,Asia
875bca39-8cba-4c47-b5e7-1ff7a124c94a,Republic of Korea,Female,46-55,Urban,I do not identify with any religious group or faith,Eastern Asia,Asia
85f98ef8-d34c-43b0-993c-284caf6a3d54,Republic of Korea,Male,56-65,Urban,I do not identify with any religious group or faith,Eastern Asia,Asia
aed6fbf0-7930-44b8-9577-1641d40fda4f,India,Male,36-45,Urban,Christianity,Southern Asia,Asia
0c2fa1ee-7b69-42d8-8683-3376a9cc9145,India,Female,18-25,Urban,Hinduism,Southern Asia,Asia
01fef978-7ce2-4a78-b1d0-4edb519e208b,India,Male,26-35,Urban,Hinduism,Southern Asia,Asia
c1ceb7b5-2840-4fcd-b644-f34195d81691,India,Male,18-25,Urban,Hinduism,Southern Asia,Asia
02932b27-e8bd-4bfd-b0b7-07a725b9f764,India,Male,18-25,Urban,Hinduism,Southern Asia,Asia
96b5cd40-9dbd-4652-8b75-5e367fe41112,India,Female,26-35,Urban,Hinduism,Southern Asia,Asia
5d5d3444-5e47-4e5e-b2cf-d4a9c60ed492,Viet Nam,Male,18-25,Urban,Buddhism,South-eastern Asia,Asia
34e5b211-0de4-44ac-8246-a7240a371dd0,India,Male,18-25,Urban,Hinduism,Southern Asia,Asia
85c89dce-0215-4124-86ae-8bcceb73b10f,United Kingdom,Male,36-45,Rural,Christianity,Northern Europe,Europe
90b6a224-e587-49dc-b055-02063b5c08b6,Germany,Male,26-35,Rural,Christianity,Western Europe,Europe
826c3461-974b-4a7a-89c6-6bf057a1007c,India,Male,18-25,Urban,Hinduism,Southern Asia,Asia
2f6d0632-991a-4b71-8a4b-7b143105903a,India,Male,26-35,Urban,Islam,Southern Asia,Asia
548a11d6-a847-40cb-9880-2e811db53e83,Kenya,Male,18-25,Urban,Christianity,Eastern Africa,Africa
3b8b62d0-399c-467c-bc4f-f5772bb5df4d,India,Male,26-35,Urban,Hinduism,Southern Asia,Asia
821bc159-16ad-4ba9-b0f5-aac07ae98171,United States of America,Female,18-25,Urban,Christianity,Northern America,North America
528de04e-f0f6-453d-ba39-86d6b8875d11,Malaysia,Female,46-55,Urban,I do not identify with any religious group or faith,South-eastern Asia,Asia
fb457c6b-129a-441c-a568-357d22ea8774,Viet Nam,Male,26-35,Urban,I do not identify with any religious group or faith,South-eastern Asia,Asia
c8c95afc-1dfc-47c6-8fd4-553ca3106627,Kenya,Male,36-45,Urban,Islam,Eastern Africa,Africa
cdfbde56-8294-465c-a4ff-5d4f959713a3,India,Male,26-35,Rural,Hinduism,Southern Asia,Asia
82151182-ef59-4e28-97f5-e99ee40b67f2,Kenya,Male,26-35,Urban,Christianity,Eastern Africa,Africa
ca4e356c-9220-47e0-bea4-7c4cadc778b7,Kenya,Female,26-35,Urban,Christianity,Eastern Africa,Africa
4c4af538-96c1-4c96-b81c-e8b08cf717e6,Kenya,Male,26-35,Urban,Christianity,Eastern Africa,Africa
9cf000cf-3303-42f5-9587-014bf981d53a,Kenya,Female,18-25,Urban,Christianity,Eastern Africa,Africa
965c3a6b-7292-40b2-bcae-be16a2f76f5a,Kenya,Female,36-45,Urban,Christianity,Eastern Africa,Africa
7967ed8e-5edd-4ecf-bd56-9df35264a07f,Kenya,Female,36-45,Urban,Christianity,Eastern Africa,Africa
60600456-423a-44f1-a284-36802fe3481e,India,Female,18-25,Urban,Hinduism,Southern Asia,Asia
a7a4b842-e358-43e5-95be-d71710a3efc6,India,Male,26-35,Urban,Hinduism,Southern Asia,Asia
bee3577e-ad76-401b-b7be-80b0debbd96f,India,Male,36-45,Urban,Hinduism,Southern Asia,Asia
65cb1ba1-527f-4e07-a5cd-88a131056a97,Kenya,Male,18-25,Urban,Christianity,Eastern Africa,Africa
79037585-2c7c-4929-8c3d-3a1c0753eaed,Kenya,Male,36-45,Urban,Christianity,Eastern Africa,Africa
d7f51c6b-5f77-402d-9a54-ab16cbd0cbb9,Chile,Male,26-35,Urban,Christianity,South America,South America
dfe10353-d290-4fc2-a800-9c982f98fb55,Kenya,Male,18-25,Urban,Christianity,Eastern Africa,Africa
584526d4-9844-41d1-bafc-9b7fdba9cfeb,India,Female,18-25,Urban,Islam,Southern Asia,Asia
ddbc31b4-7b9e-4818-9573-a83fc3f49518,Kenya,Female,26-35,Urban,Christianity,Eastern Africa,Africa
4928904a-9b94-40b3-9d9d-e6983d6d4202,Kenya,Male,18-25,Urban,Christianity,Eastern Africa,Africa
ab490f4c-540f-42da-befa-a5018b94b567,Republic of Korea,Male,26-35,Urban,Christianity,Eastern Asia,Asia
67427833-3505-4b36-865a-d3f2348decaf,Kenya,Female,26-35,Urban,Other religious group,Eastern Africa,Africa
c422ba54-5262-4e93-bec7-048068515c87,Kenya,Female,26-35,Urban,Christianity,Eastern Africa,Africa
2f92b6ee-3e80-4d91-aec2-7e2105d3758c,Kenya,Male,18-25,Urban,Christianity,Eastern Africa,Africa
0111ef71-be90-47d1-94fe-760d8bd4531e,United Kingdom,Male,46-55,Rural,I do not identify with any religious group or faith,Northern Europe,Europe
5fd7038a-7107-47db-87c0-4a3afae9ea39,Morocco,Male,26-35,Urban,Islam,Northern Africa,Africa
3cba21ac-fc8a-4ee9-b4c8-135cf5e1b47f,India,Male,18-25,Urban,Islam,Southern Asia,Asia
492c665a-c101-4388-9940-e628dd20daa3,Chile,Female,26-35,Urban,I do not identify with any religious group or faith,South America,South America
75d9197e-32bb-4c66-8260-dc96494a5f6e,Kenya,Male,26-35,Urban,Christianity,Eastern Africa,Africa
55934cec-67d3-4462-9745-0750e56180a5,Russian Federation,Female,36-45,Rural,Christianity,Eastern Europe,Europe
8d800d9a-cea7-46b5-ba9f-b09ddfc57a8d,Brazil,Male,36-45,Urban,I do not identify with any religious group or faith,South America,South America
1944eae0-c216-46df-ae96-269126b4c0dc,Kenya,Male,26-35,Urban,Islam,Eastern Africa,Africa
cd754ffe-f1ed-4431-af49-98caf80ff001,Kenya,Male,26-35,Urban,Christianity,Eastern Africa,Africa
4c94784e-08ea-467d-b9b8-58005ed71cdf,India,Male,18-25,Rural,Hinduism,Southern Asia,Asia
8ef9a665-7f49-4e66-818f-eb087c394088,United Kingdom,Female,26-35,Urban,Islam,Northern Europe,Europe
53979c97-b970-45e7-a99c-3edce445821f,Indonesia,Male,46-55,Urban,Islam,South-eastern Asia,Asia
c38407e8-72c5-4af2-9544-1be221a1abb4,Greece,Female,36-45,Urban,Christianity,Southern Europe,Europe
f85b1d9e-3136-458a-aec9-aede34a28b35,United Kingdom,Female,26-35,Urban,I do not identify with any religious group or faith,Northern Europe,Europe
ad90e42b-b65b-4c9d-b6fc-2d953cbecd1f,Egypt,Male,18-25,Urban,Islam,Northern Africa,Africa
992e86ea-4f1b-4d71-aeba-14a52edbc286,Egypt,Female,26-35,Urban,Islam,Northern Africa,Africa
8a7d7afc-b16e-493f-b84c-05ce887d6487,Viet Nam,Male,18-25,Urban,I do not identify with any religious group or faith,South-eastern Asia,Asia
47a60f77-a3ee-41cc-b3c6-149c1f9caf92,India,Male,18-25,Urban,Hinduism,Southern Asia,Asia
09a33afa-514d-49ab-adbd-d2641ce24225,India,Male,18-25,Urban,Hinduism,Southern Asia,Asia
6969239d-bc39-4013-9225-20fc457c688c,Mexico,Male,26-35,Urban,Christianity,Central America,North America
e1876e10-ec74-4278-b10f-9ca6e51e936d,Kenya,Female,18-25,Urban,Christianity,Eastern Africa,Africa
035315a3-72be-496d-a135-2f12e4edd3d5,Pakistan,Male,26-35,Urban,Islam,Southern Asia,Asia
4f5aaa70-48c6-43ef-8173-055ec6500122,Brazil,Female,36-45,Urban,Christianity,South America,South America
53d70464-23a2-41da-85d7-a66b89489884,Saudi Arabia,Male,26-35,Urban,Islam,Western Asia,Asia
e66bd053-96e2-486c-903f-f161c3d74617,India,Female,36-45,Urban,Hinduism,Southern Asia,Asia
ea482ec1-a796-4e22-b2a3-1275fa56b9fb,Bangladesh,Male,36-45,Rural,Islam,Southern Asia,Asia
05c8b653-053c-42ef-b02e-a19555ee93c0,India,Female,26-35,Urban,Hinduism,Southern Asia,Asia
ca8961b0-52bb-488b-96bb-8ca1db32d2e8,India,Male,26-35,Urban,Hinduism,Southern Asia,Asia
cddbdfea-40a5-421c-9ebb-28c145a9268c,United States of America,Female,46-55,Rural,Christianity,Northern America,North America
ef8cce1d-9e87-4e28-aac4-027b98c0d748,Mexico,Male,36-45,Urban,I do not identify with any religious group or faith,Central America,North America
cc928e26-e639-48ba-b393-86b5ab3489c2,Mexico,Male,18-25,Urban,I do not identify with any religious group or faith,Central America,North America
eeeaa6da-8262-49c1-b5ab-15b8bf3ac5f0,Kenya,Female,18-25,Urban,Christianity,Eastern Africa,Africa
adba35f5-4a6d-47e7-9a16-fe51f47955b2,Brazil,Female,18-25,Urban,I do not identify with any religious group or faith,South America,South America
dc8f0721-a62f-4d40-a425-45f1aa4c1ce5,India,Female,36-45,Urban,Sikhism,Southern Asia,Asia
f21a7e58-3d87-4789-9a94-26eebe7177af,India,Male,36-45,Urban,Hinduism,Southern Asia,Asia
ab8dd1a8-9117-4bee-87c4-8fc1ff73e771,Israel,Male,36-45,Urban,Judaism,Western Asia,Asia
fadca38b-5fdd-45f2-9a1b-78828c388473,Brazil,Male,56-65,Urban,Christianity,South America,South America
911b537f-4c5b-44bb-82e1-8fa7e1b4cde4,India,Male,18-25,Urban,Hinduism,Southern Asia,Asia
2b4ac1eb-c9f5-49af-8b88-7b1e90ba58c3,Australia,Male,46-55,Urban,Christianity,Australia and New Zealand,Oceania
b08eaf46-1edd-45d2-8e93-58699b35567f,Romania,Female,26-35,Urban,Christianity,Eastern Europe,Europe
aea8e6a1-49d2-4fc3-b936-99e75415369b,Brazil,Female,18-25,Urban,Buddhism,South America,South America
5d112c81-1cd3-436b-a866-40c220543691,United Kingdom,Male,46-55,Urban,Islam,Northern Europe,Europe
6780cde3-74d9-4cd6-afb5-3b190284fb52,Brazil,Male,18-25,Urban,Christianity,South America,South America
9cdbdfd5-fbaf-4e6c-848a-b09b674ed405,United States of America,Male,36-45,Urban,I do not identify with any religious group or faith,Northern America,North America
bfaff571-aa96-4898-822f-318cec3eceaa,United States of America,Female,46-55,Urban,Other religious group,Northern America,North America
89aba4b3-2117-4b31-baad-c5bbeb09e622,India,Male,36-45,Urban,Hinduism,Southern Asia,Asia
ada05a7b-31b7-4a4b-b528-6736ea2dd40f,India,Male,36-45,Urban,Hinduism,Southern Asia,Asia
804a3fa1-1364-4cf5-9c4e-2cdb79408d07,India,Female,26-35,Urban,I do not identify with any religious group or faith,Southern Asia,Asia
3ef0bd0e-69ce-4d3b-b0ac-587168eb76bb,Kenya,Male,18-25,Urban,Christianity,Eastern Africa,Africa
4260512f-f1ef-401b-b96b-021b7fdead63,India,Male,18-25,Urban,Hinduism,Southern Asia,Asia
573e64d9-66e1-4532-8e73-7d28a4150a63,Brazil,Female,26-35,Urban,I do not identify with any religious group or faith,South America,South America
611864d7-a33a-4b7d-8c63-942b96a1b188,Japan,Female,18-25,Urban,Buddhism,Eastern Asia,Asia
c52f06b8-8fcc-4b78-9075-20c28acaa693,United States of America,Male,36-45,Urban,I do not identify with any religious group or faith,Northern America,North America
f80752ce-0fce-4e59-a2b5-594f2b178011,Brazil,Female,36-45,Urban,I do not identify with any religious group or faith,South America,South America
bb5a6a65-f2d9-497b-b9c7-06f0a8708cbb,Brazil,Female,26-35,Rural,Christianity,South America,South America
595098dc-a662-42a0-9d1e-c4c27bfa0c6d,India,Female,18-25,Rural,Hinduism,Southern Asia,Asia
a5e61f3e-ff27-4604-81c1-23cdcb5240f1,India,Female,18-25,Urban,Hinduism,Southern Asia,Asia
b472067c-ab90-469d-97f7-dc7385134f85,Türkiye,Female,36-45,Urban,Islam,Western Asia,Asia
b27bf37b-a0c7-45e3-a877-bdcf058a9877,Portugal,Male,18-25,Urban,I do not identify with any religious group or faith,Southern Europe,Europe
0f1098b6-088a-44b7-83b2-e82cad3306c0,Mexico,Male,26-35,Urban,I do not identify with any religious group or faith,Central America,North America
e37c2e7f-1a64-4d65-bf11-a85ec8a5828a,Kenya,Male,26-35,Urban,Christianity,Eastern Africa,Africa
4059cd51-39ba-4224-8402-806af38e17d6,Chile,Female,36-45,Urban,Christianity,South America,South America
6713a401-1b91-4f3d-9fc8-7fd6fa0e13e1,Indonesia,Male,36-45,Urban,Islam,South-eastern Asia,Asia
5a81700c-ff2e-4f29-a706-06f385abee37,Russian Federation,Female,36-45,Urban,I do not identify with any religious group or faith,Eastern Europe,Europe
fa4de362-20a0-4ded-b271-d4c9082c7588,India,Female,36-45,Urban,Hinduism,Southern Asia,Asia
b88a0374-88eb-407e-921a-83d01d682d44,India,Male,18-25,Urban,Christianity,Southern Asia,Asia
5dc06077-a9a6-43ec-9452-07d0e2b9af2c,India,Male,18-25,Urban,Hinduism,Southern Asia,Asia
6547a0f9-b8be-4a13-8938-f1a1fd0e6d84,India,Female,36-45,Urban,Hinduism,Southern Asia,Asia
d8f92bae-4ee4-4c9a-9287-ee57dc3744c7,United Arab Emirates,Female,26-35,Urban,Islam,Western Asia,Asia
84d8fb20-5efc-45a1-ba86-95f3f3f19442,Romania,Male,26-35,Urban,Other religious group,Eastern Europe,Europe
81fd6804-b61d-403b-82b5-84eca03b72c3,India,Male,26-35,Urban,Hinduism,Southern Asia,Asia
0101441b-1321-404b-92c6-977f381f951e,India,Male,18-25,Rural,Hinduism,Southern Asia,Asia
30ef7449-f646-42a9-b85a-8e9111173d74,Cuba,Female,65,Urban,I do not identify with any religious group or faith,Caribbean,North America
63af2b0a-85e4-4ff3-9a97-6304ec26b51c,Kenya,Male,26-35,Urban,Christianity,Eastern Africa,Africa
fd03be16-e41d-442d-8a8e-6b083de7c315,India,Male,26-35,Urban,Islam,Southern Asia,Asia
ed2e7b69-5200-482e-a00f-23b72c15e1e8,Mexico,Male,26-35,Urban,I do not identify with any religious group or faith,Central America,North America
cab19f4a-4300-458d-a8a5-e12b0c7c0c22,Japan,Male,65,Urban,Christianity,Eastern Asia,Asia
5b1897c3-3c13-418b-a91f-84604788624d,India,Male,18-25,Rural,Hinduism,Southern Asia,Asia
aa72806e-441c-4c58-b7a6-cbb2f9d4ee89,Philippines,Male,26-35,Urban,Christianity,South-eastern Asia,Asia
9f663e62-0e11-4e55-abcb-53e6919b20e0,Brazil,Male,26-35,Urban,I do not identify with any religious group or faith,South America,South America
1527b85c-4c3f-4eb6-a9e9-522d54541e52,India,Male,46-55,Urban,Islam,Southern Asia,Asia
58ad64c0-77f7-43dc-9842-66a3b4c69010,Chile,Male,26-35,Urban,Christianity,South America,South America
d1bedfe7-f8d1-4a23-bff3-65644f7878ca,India,Male,46-55,Urban,Hinduism,Southern Asia,Asia
22b68479-2d35-4dc9-a4da-d0f1056066bf,Philippines,Female,18-25,Urban,Christianity,South-eastern Asia,Asia
26ba24fa-da96-4e7f-9edc-8588bd1e43ae,Angola,Female,18-25,Urban,Christianity,Middle Africa,Africa
b0351aef-9a74-482a-94ee-1e0c68b0954e,Kenya,Male,26-35,Urban,Christianity,Eastern Africa,Africa
ecef86d8-09d8-4c01-ac79-7f437490bf5d,India,Male,18-25,Rural,Hinduism,Southern Asia,Asia
e170470a-6967-4785-af10-c7066c5c2249,India,Male,18-25,Urban,Islam,Southern Asia,Asia
064d6b00-f8d4-4237-8917-a0bdc31dd4c1,Kenya,Male,26-35,Urban,Christianity,Eastern Africa,Africa
4a0c6db6-45fd-4611-9d7e-2d74c1274d8d,India,Male,18-25,Urban,Hinduism,Southern Asia,Asia
1c2f3f78-282c-48d4-a0fe-c071cd69a29d,India,Male,26-35,Urban,Other religious group,Southern Asia,Asia
3ce2b589-d51a-43b1-a655-f9b154e19951,India,Male,18-25,Urban,Hinduism,Southern Asia,Asia
72a13ba3-6f52-4895-a789-ea5d462174af,Brazil,Female,26-35,Urban,Christianity,South America,South America
53d6e80e-96fb-418b-a8af-324a12050509,Argentina,Male,26-35,Rural,I do not identify with any religious group or faith,South America,South America
5b70c087-6062-448d-af15-8366085de902,Ukraine,Female,18-25,Urban,Christianity,Eastern Europe,Europe
3a6b732e-7883-4df9-b650-dd185b22c09d,Indonesia,Male,18-25,Urban,Islam,South-eastern Asia,Asia
c948878e-1416-46a3-8f01-edb969f59e9f,Türkiye,Female,26-35,Urban,Islam,Western Asia,Asia
8c5c8c9d-0d2a-4af1-aa6a-4ce7449631f1,Romania,Female,26-35,Urban,Christianity,Eastern Europe,Europe
da1b018f-beed-4846-aefd-31198d805829,Kenya,Male,26-35,Urban,I do not identify with any religious group or faith,Eastern Africa,Africa
d09b380b-2b39-4b8e-a032-303bb6aee38d,Kenya,Male,18-25,Urban,Christianity,Eastern Africa,Africa
c57852af-2d2c-4044-ad4c-8be1ab826b6d,Brazil,Female,18-25,Urban,Christianity,South America,South America
d9b0fbad-12ea-4afe-9a34-75ea74f21315,Romania,Female,46-55,Urban,Christianity,Eastern Europe,Europe
4c313232-8fd4-4b03-bfe5-6a268ec43320,United States of America,Female,46-55,Urban,Christianity,Northern America,North America
53cfe766-8eac-470f-8494-83e77256f589,India,Male,18-25,Urban,Hinduism,Southern Asia,Asia
d4cd3f89-19cb-4681-b443-ce36beda5cfe,United States of America,Male,26-35,Urban,Islam,Northern America,North America
a54cb52c-42bc-4ad6-80f5-7e3a10add7da,Brazil,Male,18-25,Urban,Christianity,South America,South America
012f7f37-709a-4ac7-8c1e-1754245c56cb,Kenya,Female,26-35,Urban,Christianity,Eastern Africa,Africa
7ccc2d90-df2f-4050-a0d5-37245002cf61,Chile,Male,26-35,Urban,I do not identify with any religious group or faith,South America,South America
0dae831c-b822-4710-9702-576e300e5f7a,Japan,Female,18-25,Rural,I do not identify with any religious group or faith,Eastern Asia,Asia
d13d09fc-015f-4365-8d61-e20cf16924f7,United Kingdom,Female,26-35,Urban,Islam,Northern Europe,Europe
bf11e580-d8e1-49e8-a025-6ae2d6101cc5,Kenya,Male,26-35,Urban,Christianity,Eastern Africa,Africa
bb6f54df-a820-4953-ac96-bbbcd67faf42,Viet Nam,Male,26-35,Urban,I do not identify with any religious group or faith,South-eastern Asia,Asia
7fae226a-8f49-4db4-9682-dfdd99e82e61,Viet Nam,Male,18-25,Urban,I do not identify with any religious group or faith,South-eastern Asia,Asia
265be5e7-2fea-45f9-ae80-6062259c46a5,United States of America,Male,36-45,Urban,Christianity,Northern America,North America
5fc222d8-bf1a-4f61-b7fc-86ab2791cfd4,Indonesia,Female,26-35,Rural,Islam,South-eastern Asia,Asia
dbcbd1ff-eb06-4f58-8d32-1374040f7e4b,India,Female,26-35,Urban,Hinduism,Southern Asia,Asia
54906d21-d48b-4d59-a223-a5462b4e5bd6,Romania,Male,18-25,Urban,Christianity,Eastern Europe,Europe
12106691-583c-45d0-9981-1b750e14ae6d,Egypt,Female,26-35,Urban,Islam,Northern Africa,Africa
f7b0b65d-0612-4d2c-a6ae-39e2f25f0d7a,Singapore,Female,36-45,Urban,Christianity,South-eastern Asia,Asia
2a32f3fe-5ccb-41da-97fc-49685fed7226,India,Female,46-55,Urban,I do not identify with any religious group or faith,Southern Asia,Asia
31678297-a40a-4193-a275-131bf91373fc,India,Male,46-55,Urban,Hinduism,Southern Asia,Asia
e98bf09e-e48b-470c-b8e5-123bee464d6a,India,Male,26-35,Urban,Hinduism,Southern Asia,Asia
7f8f08e8-0c5c-4a7e-8ecf-4be075d92478,India,Male,46-55,Urban,I do not identify with any religious group or faith,Southern Asia,Asia
2c39140f-a03b-4a4f-909b-ea2ee945ea0c,Brazil,Female,36-45,Urban,Christianity,South America,South America
e9ab4ce1-c9ec-439d-a1b7-b9dcb22d7161,India,Male,26-35,Urban,Hinduism,Southern Asia,Asia
c5d509cd-7ed8-4d62-bd9f-c554a4bc8790,Morocco,Female,18-25,Urban,Islam,Northern Africa,Africa
6d6dc144-a96b-435a-ad62-89d151a3da85,United States of America,Female,26-35,Urban,Christianity,Northern America,North America
30ce2c42-3223-4bc9-bd99-594868db6acc,India,Male,18-25,Urban,Hinduism,Southern Asia,Asia
33d49293-0d07-492c-8060-5d3e65f874e7,Viet Nam,Female,36-45,Urban,Christianity,South-eastern Asia,Asia
727420e0-0b52-4581-8f33-b2e9bb173d8e,India,Male,46-55,Rural,Christianity,Southern Asia,Asia
989b6ad0-21a1-44ce-b8bf-ad61d472185b,Viet Nam,Male,18-25,Urban,Buddhism,South-eastern Asia,Asia
bfd710fe-db5b-4ab1-b34c-2938f207e02a,Romania,Male,26-35,Urban,Christianity,Eastern Europe,Europe
6338705f-da94-4c3e-9284-7c8448bbce5e,India,Female,26-35,Urban,Hinduism,Southern Asia,Asia
1cf52ff1-3a5c-4ed9-bcdc-743d29db5bc3,Israel,Male,46-55,Urban,Judaism,Western Asia,Asia
23bc89de-c734-4b95-9220-0cd7c789de8e,Chile,Male,36-45,Urban,I do not identify with any religious group or faith,South America,South America
56157cdb-f12f-4c83-bbad-68db4d9b1180,United States of America,Male,36-45,Urban,I do not identify with any religious group or faith,Northern America,North America
a300c325-973b-459c-a638-04f5ef68bdd2,Kenya,Female,36-45,Urban,Christianity,Eastern Africa,Africa
a8aaa061-a48b-4c55-a2d8-b3df3b8619ac,India,Female,26-35,Urban,Sikhism,Southern Asia,Asia
b3f19823-e675-4960-9d67-d6ea0bca10e7,India,Male,18-25,Urban,Christianity,Southern Asia,Asia
4b58bd06-af23-4fdc-a70b-e888d5635eb1,Republic of Korea,Female,18-25,Urban,Christianity,Eastern Asia,Asia
a342f825-a48d-45b5-a859-35c333b7291c,Kenya,Female,18-25,Urban,Christianity,Eastern Africa,Africa
70f6cb2d-3c0e-48db-ab46-0cda6eb15b5e,Kenya,Male,18-25,Urban,Christianity,Eastern Africa,Africa
426fdf2f-d77e-4cf5-87ea-7a0ddd77c544,Malawi,Female,36-45,Urban,Christianity,Eastern Africa,Africa
b9c7f4f6-8214-40eb-9ed6-1e340ebf365a,India,Male,36-45,Urban,Islam,Southern Asia,Asia
68cb72b7-a0ce-44e6-b80a-4f6d44671e77,Portugal,Female,36-45,Urban,I do not identify with any religious group or faith,Southern Europe,Europe
f7e32ac4-64e8-47e7-a7e1-aea4ba1dc707,Morocco,Female,18-25,Urban,I do not identify with any religious group or faith,Northern Africa,Africa
cc0bd611-dc74-47d2-b68d-7b22ed831d4c,Egypt,Female,36-45,Urban,I do not identify with any religious group or faith,Northern Africa,Africa
182e3e0b-5406-460a-8353-ebeac4451dab,Japan,Male,18-25,Urban,Buddhism,Eastern Asia,Asia
6283e54b-ee00-4597-9a80-9ee1412ff05e,India,Male,18-25,Urban,Hinduism,Southern Asia,Asia
08d39da9-96d3-415d-88ab-9b9f4a826af2,India,Male,18-25,Urban,Hinduism,Southern Asia,Asia
38c2f61a-4256-4e89-a6f5-d76a95deda6b,Kenya,Male,26-35,Urban,Christianity,Eastern Africa,Africa
2af0518a-467e-4da1-91d9-8bfd1449af59,India,Female,26-35,Urban,Hinduism,Southern Asia,Asia
98e7c734-f2cf-4e1e-bcc7-6e208f29895c,Pakistan,Female,26-35,Urban,Islam,Southern Asia,Asia
528eb21d-d868-480f-9a54-1ec89efe13d6,Egypt,Female,18-25,Rural,Islam,Northern Africa,Africa
78778ffe-a1b4-4bd4-b7d7-018e3e98a8a4,Kazakhstan,Female,36-45,Urban,I do not identify with any religious group or faith,Central Asia,Asia
a5ff6cf2-efe5-45c3-97ce-14c75434cc29,Mexico,Female,56-65,Urban,Christianity,Central America,North America
82edf59a-4235-4afb-9d80-a8dd0f771ff4,Viet Nam,Male,18-25,Urban,I do not identify with any religious group or faith,South-eastern Asia,Asia
23c8450c-84a2-43df-a029-ab6f72d0c6ec,India,Female,56-65,Urban,Christianity,Southern Asia,Asia
67ac3950-12da-4df8-a0c9-10803a245081,China,Female,26-35,Urban,I do not identify with any religious group or faith,Eastern Asia,Asia
a6554f71-7aa5-495e-a243-348d2624eaf2,India,Male,18-25,Urban,Islam,Southern Asia,Asia
82ce432b-274d-4f04-a00d-d463c960cd59,Kenya,Male,18-25,Urban,Christianity,Eastern Africa,Africa
d975a543-d159-4952-9111-e96d8c6f3bfd,India,Male,26-35,Urban,Islam,Southern Asia,Asia
07f89bd9-b655-40c5-b994-2e4d800ad65a,Haiti,Female,26-35,Urban,Christianity,Caribbean,North America
3f4f68bc-7b10-426b-ab2b-709badce51bc,Morocco,Female,18-25,Urban,Islam,Northern Africa,Africa
33e13ef4-5b67-4b74-8bea-d6267a807aff,United States of America,Female,26-35,Urban,Christianity,Northern America,North America
65d85153-767c-47eb-bb5d-1884e0ad11c2,India,Female,26-35,Urban,Hinduism,Southern Asia,Asia
87b6fd17-7839-4150-b958-6c5418693617,Mexico,Male,18-25,Urban,Christianity,Central America,North America
228fbb91-a1e2-4d27-b3c5-fe2eaac47970,Ukraine,Female,26-35,Urban,Christianity,Eastern Europe,Europe
8168b6fe-823d-49fc-a811-01d4ec746412,Republic of Korea,Female,18-25,Urban,Christianity,Eastern Asia,Asia
2d021e98-4657-4d75-8c74-7a2a6d014df8,India,Female,18-25,Urban,Hinduism,Southern Asia,Asia
e0ac30d2-512e-4528-815a-eae511e0be11,Germany,Female,26-35,Urban,I do not identify with any religious group or faith,Western Europe,Europe
a07c1137-7624-4c5a-985f-e89ab18d181a,India,Female,36-45,Urban,Hinduism,Southern Asia,Asia
bbbf8cf5-fa64-4a22-b346-8ffe9342c023,Egypt,Male,18-25,Urban,Islam,Northern Africa,Africa
a8ed7c78-227b-439d-b785-68645b10e182,Germany,Male,26-35,Rural,I do not identify with any religious group or faith,Western Europe,Europe
4dc73339-8b32-4655-9040-db567760c6c8,Japan,Male,46-55,Rural,Buddhism,Eastern Asia,Asia
38c45f98-25b7-455f-9f65-dcc977b34b69,India,Male,26-35,Urban,Hinduism,Southern Asia,Asia
bf426a89-6b0e-45c5-b760-214b82722a4c,United States of America,Female,26-35,Urban,I do not identify with any religious group or faith,Northern America,North America
d800a9ab-6d43-4b46-8caf-e05d9536d94a,India,Female,26-35,Urban,Hinduism,Southern Asia,Asia
54a297a9-6d2c-40f5-b6e0-038975d7084e,Kenya,Male,26-35,Urban,Christianity,Eastern Africa,Africa
721f30c9-899e-47e3-b110-42b42105baaa,Romania,Female,18-25,Urban,I do not identify with any religious group or faith,Eastern Europe,Europe
b6b3dbb3-a98a-43f5-a88c-bc31475bc5a2,Republic of Korea,Male,56-65,Urban,Buddhism,Eastern Asia,Asia
a571b9ae-8fa1-41f3-b647-807e37d12e09,United States of America,Male,26-35,Urban,Islam,Northern America,North America
b2f44ecd-ac1f-4af4-ae9f-0a89c88d5b0d,Brazil,Female,46-55,Urban,Christianity,South America,South America
a9eca7b1-5fea-49c4-a222-8544d4c50935,India,Female,18-25,Urban,Islam,Southern Asia,Asia
5fe04efa-b0a9-4ec2-a72c-2c2ae41e821e,India,Male,18-25,Urban,Hinduism,Southern Asia,Asia
92d6cdef-15df-4346-94ab-7df410af8483,India,Male,18-25,Urban,Hinduism,Southern Asia,Asia
1dbc9f29-0eca-450b-8165-203f81d542e0,Republic of Korea,Male,26-35,Urban,Christianity,Eastern Asia,Asia
bc8041eb-8797-4487-b5ab-09e65b5c6e9d,Mexico,Female,36-45,Urban,Christianity,Central America,North America
36031a20-7c11-4c23-8b1b-8c014f1a6915,United States of America,Female,26-35,Urban,Christianity,Northern America,North America
9dd50d60-1c39-4697-bbc6-47366a339d68,Kenya,Male,26-35,Urban,Christianity,Eastern Africa,Africa
ccf003d3-8c6b-46bc-b215-da0c14b39b84,United Kingdom,Male,26-35,Urban,Christianity,Northern Europe,Europe
1ad8ee6d-3e85-4a1b-a61f-ffd7b19c6d7f,Chile,Male,18-25,Urban,I do not identify with any religious group or faith,South America,South America
5cc6aa5e-d6b6-4045-b303-9f7694dd3e54,Viet Nam,Female,18-25,Urban,Buddhism,South-eastern Asia,Asia
42df18c3-fb84-42f9-a6b1-99bf215fad3a,India,Male,18-25,Rural,Hinduism,Southern Asia,Asia
0ddab1dc-0df6-4928-848c-fd08c083cdd4,Kenya,Male,26-35,Rural,Christianity,Eastern Africa,Africa
ef1e4203-1855-4fb3-800b-0ccf8952d6c0,United States of America,Male,46-55,Urban,I do not identify with any religious group or faith,Northern America,North America
8c6f451d-5374-472d-b4f7-5b6843227c3b,Chile,Female,26-35,Urban,I do not identify with any religious group or faith,South America,South America
c136151a-29b6-47f9-9115-392d83f11459,India,Female,26-35,Urban,Hinduism,Southern Asia,Asia
4f6bd271-0c59-4748-a576-eb2273e250b6,Morocco,Female,18-25,Urban,Islam,Northern Africa,Africa
1e063577-50d9-4097-8735-7f522fcb7092,Kenya,Female,26-35,Urban,Christianity,Eastern Africa,Africa
2ffa8312-425d-4680-b9be-77557caeeb59,Japan,Male,18-25,Urban,I do not identify with any religious group or faith,Eastern Asia,Asia
97fb4e03-cb0d-4949-b128-b70193420225,Türkiye,Female,26-35,Urban,Islam,Western Asia,Asia
ef6f059d-e737-41db-9add-9c0e0e75bd80,Kenya,Male,18-25,Urban,Christianity,Eastern Africa,Africa
f201d9f8-ad52-40e0-8eb9-630ffb309a7b,Republic of Korea,Male,36-45,Urban,I do not identify with any religious group or faith,Eastern Asia,Asia
bc0b78b8-bdab-452b-8048-9fb5648e8d74,United States of America,Female,36-45,Urban,I do not identify with any religious group or faith,Northern America,North America
4e276f67-08b9-4fad-9059-c3f7136c6ab1,United States of America,Male,65,Urban,I do not identify with any religious group or faith,Northern America,North America
2353a92d-d83a-42da-8096-20e14db1d137,India,Female,26-35,Urban,Hinduism,Southern Asia,Asia
c7e0d86f-1d25-4216-8434-4ed27909e4ec,India,Female,18-25,Urban,Christianity,Southern Asia,Asia
e4d1eb08-8987-4d95-9575-abed04fdf7bf,Kazakhstan,Female,36-45,Urban,Christianity,Central Asia,Asia
2b71cd66-891e-4d28-abd3-1aaa4debb00c,Canada,Male,65,Urban,I do not identify with any religious group or faith,Northern America,North America
a209f476-3d15-4e73-9ffe-469ab89964c8,Brazil,Male,18-25,Urban,Christianity,South America,South America
3757bd6f-a2e1-4143-855d-3190feb0f815,India,Female,18-25,Urban,Other religious group,Southern Asia,Asia
86fe2185-953b-434c-bb14-1b0620e37c21,Philippines,Female,18-25,Rural,Christianity,South-eastern Asia,Asia
2e0442f3-2bd7-424f-a2ce-9f4911e15ea4,Mexico,Female,36-45,Urban,I do not identify with any religious group or faith,Central America,North America
83ca2e0c-1c2e-417e-9b6c-60e0546fef75,Australia,Male,46-55,Urban,Buddhism,Australia and New Zealand,Oceania
8aa6ed33-9f45-4565-8c51-3e9440f1843d,Republic of Korea,Female,26-35,Urban,Buddhism,Eastern Asia,Asia
9799a738-db5a-4ad4-8703-7f98427e58ec,Philippines,Male,26-35,Urban,Christianity,South-eastern Asia,Asia
719f4bbf-df3a-476c-8b63-17503f2b2882,Chile,Female,18-25,Urban,Christianity,South America,South America
06624ef4-c3ca-4ba8-9fde-fae7d098a1ef,Türkiye,Male,26-35,Urban,I do not identify with any religious group or faith,Western Asia,Asia
8b3ad01a-c816-4ce1-bf9c-b8529383c5ed,Morocco,Female,18-25,Urban,Islam,Northern Africa,Africa
8d399f2f-90bd-4a60-a5e2-9459601fc18e,Kenya,Female,18-25,Urban,Christianity,Eastern Africa,Africa
9e512ff2-3071-4382-b3aa-9dc9c23f1973,Chile,Male,18-25,Urban,I do not identify with any religious group or faith,South America,South America
99f4302c-689e-4b55-83a7-f42f418eb636,Kenya,Male,26-35,Urban,Christianity,Eastern Africa,Africa
ff03cbca-c219-4b17-85e0-860dd7340547,Kenya,Male,26-35,Urban,Christianity,Eastern Africa,Africa
10ba3bff-0211-4de1-859f-3544bf6a1670,Chile,Male,26-35,Urban,Christianity,South America,South America
b106ec21-d8f6-4903-98b5-50bf409e4a03,Chile,Male,18-25,Urban,I do not identify with any religious group or faith,South America,South America
2f7d7224-0351-4fc7-ab4e-416e738803aa,Germany,Female,26-35,Urban,Islam,Western Europe,Europe
148ee9bb-a5dd-419c-a783-1cfa6a2379d6,Indonesia,Male,18-25,Urban,Islam,South-eastern Asia,Asia
515e474a-f5b4-4aad-b840-31d0fddcaf17,United States of America,Male,65,Urban,I do not identify with any religious group or faith,Northern America,North America
76d7d6c8-3972-40ac-b2ee-42776585677f,China,Female,18-25,Urban,Buddhism,Eastern Asia,Asia
01a2aba0-0588-4ce4-bcbd-73cdc5e2a184,Kenya,Male,26-35,Urban,Christianity,Eastern Africa,Africa
60d8e815-a256-4b56-872f-164fc14dbc75,United States of America,Female,65,Urban,Christianity,Northern America,North America
263317a7-c2d7-45c4-ae36-967f1af626b3,Romania,Female,18-25,Rural,Christianity,Eastern Europe,Europe
7ced4d48-f34d-4168-a0e5-570e3916fa1d,Egypt,Female,26-35,Urban,Islam,Northern Africa,Africa
95f90ea6-df34-4c44-9532-2c9c1740a6cd,China,Female,18-25,Urban,I do not identify with any religious group or faith,Eastern Asia,Asia
82af4ae9-d36e-4a6b-8f12-127399bfcbb6,China,Female,26-35,Urban,I do not identify with any religious group or faith,Eastern Asia,Asia
3959be33-f1c4-4d18-b250-ae401ef3c04f,Mexico,Male,26-35,Urban,I do not identify with any religious group or faith,Central America,North America
e7f2351c-8429-4eb3-9790-5835fbae15e7,Chile,Male,26-35,Rural,I do not identify with any religious group or faith,South America,South America
5c54b6a4-fc54-4a76-b98c-90dee9de5b27,United States of America,Male,26-35,Urban,Christianity,Northern America,North America
57118f35-eaad-4ca2-9ce9-1a95c46c278a,Argentina,Male,18-25,Urban,I do not identify with any religious group or faith,South America,South America
1fbc645f-4f41-4215-abc0-426bc4ae0deb,India,Female,26-35,Urban,Hinduism,Southern Asia,Asia
25b52b26-3bf8-4475-9f31-38b17b99ac32,India,Female,18-25,Urban,Hinduism,Southern Asia,Asia
a7ddb2a0-2aad-4f00-92d8-a6773747c1eb,Philippines,Male,18-25,Urban,Christianity,South-eastern Asia,Asia
c8c13c4d-d89c-4752-b347-7e1bc798bf43,United States of America,Male,46-55,Rural,Christianity,Northern America,North America
d042b7d0-9b39-4b7f-b1c6-3aac72065ee1,Japan,Female,46-55,Urban,I do not identify with any religious group or faith,Eastern Asia,Asia
baebb162-5826-4a79-803b-1da03c1eff7a,Israel,Female,36-45,Urban,Judaism,Western Asia,Asia
dead1bde-f8f6-4642-9770-a860d7b5679a,Argentina,Male,36-45,Urban,I do not identify with any religious group or faith,South America,South America
4194da38-3701-4b31-a87b-661dbde160fc,India,Female,18-25,Urban,Christianity,Southern Asia,Asia
10584481-bda9-4d19-baa1-15af8e8dc4ff,Viet Nam,Male,36-45,Urban,Buddhism,South-eastern Asia,Asia
4603e4a6-191f-41cf-8280-030d03d8ce1c,Kenya,Male,26-35,Urban,Christianity,Eastern Africa,Africa
2cc150d9-77d9-4984-b2b4-a8f55bcd0f7b,India,Female,26-35,Urban,Christianity,Southern Asia,Asia
7eae6837-67a1-4909-a3a2-c268980e0f5e,Kenya,Male,26-35,Urban,Christianity,Eastern Africa,Africa
92397895-4487-44fd-9009-fe10c410c2e2,Kenya,Male,26-35,Urban,Christianity,Eastern Africa,Africa
4ef225f1-35d1-4059-baca-50a5819d9649,Chile,Male,26-35,Urban,Christianity,South America,South America
010d6b4d-7780-4e2d-aba1-524b1a70d026,Chile,Female,18-25,Urban,I do not identify with any religious group or faith,South America,South America
c2680546-9fdc-4c23-900b-49d328ee4754,Pakistan,Female,26-35,Urban,Islam,Southern Asia,Asia
a6c8fea3-aced-462e-90c5-a9787e08aa71,Pakistan,Male,26-35,Rural,Islam,Southern Asia,Asia
23c4c569-8cb9-45bd-bea5-bfcbe355f33c,United States of America,Male,26-35,Urban,Christianity,Northern America,North America
61a761e1-8ba5-4718-ba2d-7ebae03a7480,Kazakhstan,Female,18-25,Urban,I do not identify with any religious group or faith,Central Asia,Asia
786e7925-cd6a-4eea-8a76-d34b797a4152,United States of America,Female,56-65,Urban,Christianity,Northern America,North America
ef3bc9fa-0c5a-4e1d-baed-e3a5e9fa96d6,United States of America,Female,65,Urban,Christianity,Northern America,North America
dc3db18c-1611-4db0-91c4-736cd71b7db4,India,Female,18-25,Urban,Sikhism,Southern Asia,Asia
e28cbeb8-9009-4061-b6b2-7f53f28b5cb1,Saudi Arabia,Female,26-35,Urban,Islam,Western Asia,Asia
cc460997-e922-4ec7-9792-1c5db083fd58,Kenya,Female,36-45,Urban,Christianity,Eastern Africa,Africa
a2fe6b2b-a9c5-41cb-8ac4-88bc4296cf77,India,Female,18-25,Urban,Islam,Southern Asia,Asia
b1e0951c-de2b-462c-bea2-bfb4df61d618,France,Male,26-35,Urban,I do not identify with any religious group or faith,Western Europe,Europe
c877afc2-c489-409f-bca6-1ebfb822d6f4,Morocco,Female,26-35,Urban,Islam,Northern Africa,Africa
d771c495-ee9e-4e53-bb7c-53c4c6152673,Kazakhstan,Female,36-45,Urban,Christianity,Central Asia,Asia
dd38bab2-c45b-4e28-8327-cb1d796bcc63,India,Female,26-35,Urban,Buddhism,Southern Asia,Asia
109c20d1-bf95-4402-a006-f3fb0c3daba1,India,Female,26-35,Urban,Hinduism,Southern Asia,Asia
05f6357b-c81c-4d6b-9e9b-5280d1c5dc34,India,Female,26-35,Urban,Christianity,Southern Asia,Asia
516a71b2-edaf-4ae6-aef1-0f306ecd34dd,Chile,Female,36-45,Urban,I do not identify with any religious group or faith,South America,South America
9ef985a1-f72b-4041-a9f4-f3425443e0d9,Chile,Male,26-35,Urban,I do not identify with any religious group or faith,South America,South America
5b751f79-8092-4f48-8aaf-866539b9028b,India,Female,36-45,Urban,Hinduism,Southern Asia,Asia
a8a649ae-4aaf-4443-85a9-15a343cb47a4,Australia,Male,26-35,Urban,I do not identify with any religious group or faith,Australia and New Zealand,Oceania
b22dcf43-f6f5-4515-a6ca-eaba4bb9fd5d,Kenya,Male,26-35,Urban,Christianity,Eastern Africa,Africa
367bc850-6f5a-4c3b-a8a3-cc316e83848b,Türkiye,Female,36-45,Urban,Islam,Western Asia,Asia
0ee4e8d5-e4f9-4830-95c5-2214d9dff86e,United States of America,Female,46-55,Urban,I do not identify with any religious group or faith,Northern America,North America
1540a203-6934-44b7-90b7-a18d3792333a,India,Female,36-45,Urban,Hinduism,Southern Asia,Asia
18dee63d-0159-4955-a16b-3242ed3ab2a3,Russian Federation,Female,36-45,Urban,Christianity,Eastern Europe,Europe
bfbefd27-87ae-4817-86c6-c68b5106eb5e,Viet Nam,Female,18-25,Urban,I do not identify with any religious group or faith,South-eastern Asia,Asia
f498223d-4f73-4489-baba-ce769b426a23,United States of America,Female,26-35,Urban,Christianity,Northern America,North America
2156cbba-85c1-4a76-9fd4-3643f0cadfea,Türkiye,Female,36-45,Urban,Islam,Western Asia,Asia
985b028a-2d59-4607-b55c-d14dfec4bef5,United States of America,Male,36-45,Urban,Other religious group,Northern America,North America
b110faf0-d686-4601-bcaf-b95a5648710d,Kenya,Female,26-35,Urban,Christianity,Eastern Africa,Africa
4df33cf9-60ad-4f49-9287-c275a583b2e1,United States of America,Female,65,Urban,Christianity,Northern America,North America
7c45b4fe-a9fa-4964-a270-68172a4a8ebb,Spain,Male,46-55,Urban,I do not identify with any religious group or faith,Southern Europe,Europe
ef980626-367f-49a3-9102-b7832e04d965,Viet Nam,Male,18-25,Urban,Christianity,South-eastern Asia,Asia
2658d659-f58a-4c2b-a29a-96657abaf60d,Chile,Female,26-35,Urban,I do not identify with any religious group or faith,South America,South America
117471e9-37d8-4142-9167-d9b423b2dc7c,United States of America,Male,56-65,Urban,Christianity,Northern America,North America
2ac60590-abef-4cfd-9785-6f9bdbd7d621,Philippines,Female,18-25,Urban,Christianity,South-eastern Asia,Asia
bdf7149d-016c-45c7-bc97-169ef5275af5,Japan,Female,46-55,Urban,I do not identify with any religious group or faith,Eastern Asia,Asia
e42d0569-d9f8-42c0-a701-0601aeb6c827,Türkiye,Male,26-35,Urban,I do not identify with any religious group or faith,Western Asia,Asia
9fb52ce4-b461-49ea-b0d9-7767be9f8734,India,Female,18-25,Urban,Hinduism,Southern Asia,Asia
3b9d18ab-7256-4121-9988-110493ff968f,India,Female,18-25,Urban,Islam,Southern Asia,Asia
1e1100dc-913b-42af-9209-b4d2634386e1,Chile,Female,26-35,Urban,I do not identify with any religious group or faith,South America,South America
1c7dbd6b-2dc3-4010-bd29-bc2b34571ce2,Chile,Female,46-55,Urban,Christianity,South America,South America
bba6ae7c-3c6c-43f4-9d2a-38a563b1cd4e,Chile,Female,36-45,Urban,I do not identify with any religious group or faith,South America,South America
ecc7115f-9c7a-4c98-9aa8-1fbfae344ebb,Republic of Korea,Male,26-35,Urban,Buddhism,Eastern Asia,Asia
7decde05-ea15-42a7-a8c2-0d4cdfa47337,Pakistan,Male,26-35,Urban,Islam,Southern Asia,Asia
42aa27d1-41ef-4b7f-a45c-55f5aea9baa7,Poland,Male,26-35,Urban,Christianity,Eastern Europe,Europe
2f7dbbe4-1288-427f-9021-da10b27d2560,India,Female,26-35,Urban,Hinduism,Southern Asia,Asia
7b96d7e0-ed5b-4118-9ec9-eceb7f3ce530,Bangladesh,Male,26-35,Urban,Islam,Southern Asia,Asia
3ad2d457-acac-4cfa-a41a-c64d46c10731,India,Female,18-25,Rural,Hinduism,Southern Asia,Asia
9294bace-23dd-40bf-bf74-4da14e0cbc54,United States of America,Female,36-45,Rural,Christianity,Northern America,North America
0d4b4ed5-c9f8-4c43-b834-cf17678b573a,India,Female,18-25,Urban,Buddhism,Southern Asia,Asia
78abb356-4fe7-407b-8c89-8d7be5a00542,Argentina,Male,26-35,Urban,I do not identify with any religious group or faith,South America,South America
1d650fde-68d3-44ef-a3f0-a7b3ec5727bc,Chile,Male,26-35,Urban,I do not identify with any religious group or faith,South America,South America
2e6e372e-55a4-4879-9813-06a0c70cc8cd,Israel,Male,26-35,Urban,Judaism,Western Asia,Asia
fd8774ea-85b6-42bd-8456-f4deaf8418f2,Argentina,Female,26-35,Urban,Christianity,South America,South America
d48613af-0d55-4d30-98d5-c70132136f5c,India,Female,26-35,Urban,Hinduism,Southern Asia,Asia
19131b05-e59c-4330-9391-8954dc50a410,Argentina,Male,36-45,Urban,I do not identify with any religious group or faith,South America,South America
d0445dc6-d373-471d-9bdb-fa21eadcbda4,New Zealand,Male,26-35,Urban,I do not identify with any religious group or faith,Australia and New Zealand,Oceania
774b7fac-f613-4bb9-b9e8-f6be453c89f8,Kenya,Male,36-45,Urban,Christianity,Eastern Africa,Africa
907eba68-72ab-4bb1-8b6e-2cf8d5538be2,India,Female,46-55,Urban,Hinduism,Southern Asia,Asia
8f1b1ad3-273c-4a43-95d9-91f47587c8ae,India,Female,46-55,Urban,Hinduism,Southern Asia,Asia
dd915ca7-330b-407b-b558-55d5db101b91,Italy,Male,36-45,Urban,I do not identify with any religious group or faith,Southern Europe,Europe
2f19bac6-ac78-4f51-b94a-e316524a375e,India,Female,18-25,Urban,Hinduism,Southern Asia,Asia
2c96a10f-6b95-424b-bf5f-f9d08c4bab2f,Viet Nam,Female,26-35,Urban,I do not identify with any religious group or faith,South-eastern Asia,Asia
8d385ee7-a821-4cfa-a380-69bf2d0504be,Canada,Male,36-45,Urban,I do not identify with any religious group or faith,Northern America,North America
57857e39-ec80-41c5-b350-dab6a09e12b1,Malaysia,Female,36-45,Urban,Islam,South-eastern Asia,Asia
a6ec6749-5aa5-422a-9379-f2d9f0703a8b,Germany,Male,26-35,Urban,Islam,Western Europe,Europe
936645f1-8e75-480b-a67e-89a836b96016,Chile,Female,36-45,Urban,Christianity,South America,South America
7cdca034-b8f2-4aed-a113-ea51a9d8e7a3,Chile,Female,26-35,Urban,I do not identify with any religious group or faith,South America,South America
0f9e8aae-8d08-4761-bb53-97e7726ee198,Republic of Korea,Female,26-35,Urban,Christianity,Eastern Asia,Asia
4ea0d8a1-f223-4b25-bd06-ce49e7ee28cf,United Kingdom,Female,26-35,Urban,Islam,Northern Europe,Europe
d6f2b4e6-5fa9-4378-9e07-e16872455809,Kenya,Male,36-45,Urban,Christianity,Eastern Africa,Africa
c1be4f6c-503a-4dd5-bb51-295f0d0a6ee1,China,Female,18-25,Urban,I do not identify with any religious group or faith,Eastern Asia,Asia
b5d92a99-ebd1-4563-a0d9-62e6aef3b0f1,Pakistan,Female,26-35,Rural,Islam,Southern Asia,Asia
8939f169-3255-435d-a4cd-4265e4ea1069,Kenya,Male,18-25,Urban,Christianity,Eastern Africa,Africa
cecee396-5ec7-4744-8242-a59f8c48b8dc,Chile,Female,46-55,Urban,Christianity,South America,South America
fd1c9788-da1d-4119-a85c-cff489116347,Ukraine,Male,18-25,Urban,Christianity,Eastern Europe,Europe
758bfe03-8b6c-4b67-ac39-684a5367ca01,United States of America,Female,46-55,Urban,I do not identify with any religious group or faith,Northern America,North America
a84e7348-abbb-4ac3-ae99-6773860d649f,Romania,Female,18-25,Urban,Christianity,Eastern Europe,Europe
b92852d3-f1d4-4601-b008-38ae16265441,Argentina,Female,18-25,Urban,I do not identify with any religious group or faith,South America,South America
97494818-ea6e-44da-8bc7-7558adadcad8,France,Female,26-35,Urban,Buddhism,Western Europe,Europe
ba036196-c92f-4d66-baaf-1c63531cb247,India,Female,36-45,Urban,Hinduism,Southern Asia,Asia
b80c664e-cfba-4905-a46d-0d8e06d6fac0,Philippines,Male,18-25,Urban,Christianity,South-eastern Asia,Asia
09e05caa-3b07-410d-b60f-dd95b005290a,Argentina,Female,26-35,Urban,I do not identify with any religious group or faith,South America,South America
6e989dd0-e1ba-4420-a36a-7f8399d3ce56,India,Male,26-35,Urban,Hinduism,Southern Asia,Asia
abd8153c-5891-465f-a4a7-0f46669960f6,Indonesia,Female,46-55,Urban,Islam,South-eastern Asia,Asia
fe3d9ba7-0ca4-4fd0-81ad-e5add04e3366,Israel,Female,18-25,Urban,I do not identify with any religious group or faith,Western Asia,Asia
17846934-075a-4c0a-9b46-05c92c3060fa,Russian Federation,Male,26-35,Urban,I do not identify with any religious group or faith,Eastern Europe,Europe
a0b86eed-ffbb-4aad-802e-27ec4c1de2ef,Chile,Female,26-35,Urban,Christianity,South America,South America
f70a7d8b-08d4-4aa3-b21c-92c792f14819,Pakistan,Female,26-35,Urban,Islam,Southern Asia,Asia
fb016c25-6a1b-4b04-bc36-0fb0f71d5bb0,United States of America,Male,36-45,Urban,I do not identify with any religious group or faith,Northern America,North America
f0d09db2-9cf8-4631-be59-6dd78ac4cc5d,Chile,Female,26-35,Urban,I do not identify with any religious group or faith,South America,South America
21c57170-a7ca-484f-8028-6e428995d603,Brazil,Female,36-45,Urban,Christianity,South America,South America
b5a38cb4-d718-4286-a4c2-c8fc526029df,Brazil,Male,26-35,Urban,Christianity,South America,South America
c0fd6a6f-0f6d-4c02-9dbd-dd7fd318dd57,Brazil,Female,18-25,Urban,Christianity,South America,South America
9e3a9b69-0514-496a-a402-942c43980d78,Japan,Male,18-25,Urban,I do not identify with any religious group or faith,Eastern Asia,Asia
b7508b82-b639-420f-b0d3-318eb91a7cf5,India,Female,26-35,Urban,Hinduism,Southern Asia,Asia
0a025419-b3af-43f7-b6a6-8654eacc9a87,Poland,Female,36-45,Urban,I do not identify with any religious group or faith,Eastern Europe,Europe
56895056-f0a1-4937-aaa3-47d19fdbb1eb,United States of America,Female,46-55,Urban,Christianity,Northern America,North America
791f50a2-d98d-4671-b60e-556ff95569f2,Canada,Female,46-55,Urban,Christianity,Northern America,North America
de7622bc-fd5a-43d3-87f9-eba8dd284f1e,India,Female,18-25,Urban,Islam,Southern Asia,Asia
1a2aad47-07e4-470c-9902-30201212bafa,India,Female,36-45,Urban,Hinduism,Southern Asia,Asia
c7788a2e-be1d-4962-9381-475c2dcb8999,United States of America,Male,18-25,Urban,Christianity,Northern America,North America
134e2509-3002-4e7f-ab87-5b9c462d1985,Philippines,Female,18-25,Urban,Christianity,South-eastern Asia,Asia
4c2eb13d-358f-405e-989c-10a106fb7bf0,Philippines,Male,46-55,Rural,Christianity,South-eastern Asia,Asia
a70800c0-380a-4409-8e0a-2468be7571b4,Mexico,Male,36-45,Urban,I do not identify with any religious group or faith,Central America,North America
b0e846f4-d3e6-4802-ab89-a2ac212b0e04,India,Male,26-35,Urban,Hinduism,Southern Asia,Asia
81727edd-051a-4120-89a4-b4122e5b5817,India,Female,46-55,Urban,Hinduism,Southern Asia,Asia
c904d54f-2fd9-46f3-bb7d-f0ee092bfa52,India,Female,46-55,Rural,Hinduism,Southern Asia,Asia
7f2b5ba8-c89d-4bab-b888-7e18ff276612,Pakistan,Female,26-35,Urban,Islam,Southern Asia,Asia
f07a30aa-964e-4b1a-937f-f0e08e179ed2,India,Male,26-35,Urban,Islam,Southern Asia,Asia
d7284f37-70c2-456c-aecb-b2d1a7634472,Kenya,Male,26-35,Urban,Christianity,Eastern Africa,Africa
97c9b440-0c7b-4352-bf37-94a2265e5e5f,Egypt,Female,26-35,Urban,Islam,Northern Africa,Africa
8e758066-8c79-40fb-83c3-2574a79df68f,Kenya,Male,26-35,Urban,Christianity,Eastern Africa,Africa
908606c7-7eee-4436-856c-0a087d4a38de,Singapore,Female,26-35,Urban,Other religious group,South-eastern Asia,Asia
070a246e-a06c-4737-8208-9ac88ed13d9e,Argentina,Female,18-25,Urban,I do not identify with any religious group or faith,South America,South America
75015c47-ee6c-45ac-9c50-2714bf9f9760,Morocco,Female,26-35,Urban,Islam,Northern Africa,Africa
e61d3365-654e-4296-ae3a-6a14b9ad081b,Pakistan,Female,18-25,Urban,Islam,Southern Asia,Asia
6cda5979-2b0e-48e4-a718-11150fe3609d,India,Female,26-35,Urban,Hinduism,Southern Asia,Asia
e3b818b6-f468-4fcb-9919-f000b06ff7c4,China,Male,36-45,Urban,I do not identify with any religious group or faith,Eastern Asia,Asia
d0059001-8545-4c1e-92da-a4a0d19a58cd,Romania,Female,36-45,Urban,I do not identify with any religious group or faith,Eastern Europe,Europe
cf77e32a-3157-4a04-881b-29dc0b15c877,Philippines,Female,26-35,Urban,Christianity,South-eastern Asia,Asia
5159e9ea-a8ea-4bd8-88e0-b1cdb46bc4a4,India,Female,26-35,Urban,Hinduism,Southern Asia,Asia
458cf56e-c297-421b-9252-07474a786acc,Kenya,Male,18-25,Urban,Christianity,Eastern Africa,Africa
46e238e3-ad33-44ae-a39d-5a44be19ab28,India,Female,36-45,Urban,Hinduism,Southern Asia,Asia
08691f47-afbf-4452-9389-b064d6a3783e,Viet Nam,Female,26-35,Urban,Buddhism,South-eastern Asia,Asia
0a573461-0f06-4e6c-bbc9-dc12ea900a1b,United Kingdom,Male,36-45,Urban,Islam,Northern Europe,Europe
652ff01d-fa2d-403e-a43e-8c9e91b90ce3,United States of America,Female,26-35,Urban,I do not identify with any religious group or faith,Northern America,North America
563d2298-58f1-4262-9fdc-6e5454867883,Republic of Korea,Female,26-35,Urban,Christianity,Eastern Asia,Asia
ebcba0fb-c2f9-4b0c-936d-4a2519f13a55,India,Female,18-25,Urban,Hinduism,Southern Asia,Asia
de8ab954-f470-4a70-a66e-8ac6db0dee30,India,Female,26-35,Urban,Hinduism,Southern Asia,Asia
54613e12-466d-4dd4-ae9a-16392d3a0f29,Malawi,Female,18-25,Urban,Christianity,Eastern Africa,Africa
e71209c5-3167-493d-af2e-7e43f2823c39,Republic of Korea,Female,18-25,Urban,I do not identify with any religious group or faith,Eastern Asia,Asia
0a13a3c7-1494-453f-b560-62892e499b7e,Russian Federation,Male,18-25,Urban,Christianity,Eastern Europe,Europe
808efa13-95d5-4d14-bf5e-8a33ce78d2b4,Kenya,Female,36-45,Urban,Christianity,Eastern Africa,Africa
4d78ea38-878e-4716-9c9b-755ff533824a,China,Female,26-35,Urban,I do not identify with any religious group or faith,Eastern Asia,Asia
a9267894-a133-4e59-aadb-cb9e931be979,Japan,Female,36-45,Urban,I do not identify with any religious group or faith,Eastern Asia,Asia
ff8c85c2-a2b8-4ae0-8d16-23cdb12fb311,India,Female,18-25,Urban,Islam,Southern Asia,Asia
6050d9e1-b73f-44e4-b7d3-a1def324f9fd,Indonesia,Female,18-25,Urban,Christianity,South-eastern Asia,Asia
88a49e80-a6e6-427a-938f-482aeaa14cd2,India,Female,36-45,Urban,Christianity,Southern Asia,Asia
414d2ef0-7d89-4eb4-87a7-afcc3d447fbe,India,Female,36-45,Urban,Islam,Southern Asia,Asia
34031cf3-5b52-4612-88fb-078dbdb816fe,United States of America,Male,36-45,Urban,Christianity,Northern America,North America
f2f2ce00-4750-40c7-9290-40c5d1233249,Pakistan,Male,26-35,Urban,Islam,Southern Asia,Asia
32a96595-fe56-4921-b923-050adda0fe1d,China,Female,18-25,Urban,I do not identify with any religious group or faith,Eastern Asia,Asia
ab619727-b25f-4609-a8cc-83e4042f56e7,Indonesia,Female,18-25,Urban,Islam,South-eastern Asia,Asia
17f25b7d-6975-49c8-9a98-19a8cc93f7aa,Kazakhstan,Female,26-35,Urban,Christianity,Central Asia,Asia
8d6bb1b7-ebdd-4421-afbc-e6d3c2c2c195,France,Female,46-55,Urban,Christianity,Western Europe,Europe
65263a34-dcdf-4006-a527-2bab8b91d6d7,Kenya,Male,26-35,Urban,Christianity,Eastern Africa,Africa
b073b149-cf5b-4daf-8de4-37eafea375d9,Armenia,Female,36-45,Urban,Christianity,Western Asia,Asia
aaa2a4a0-de01-4a4f-a0ba-314e96ee7cb6,Kenya,Female,26-35,Rural,Christianity,Eastern Africa,Africa
bc0959f6-e250-4983-8725-3cc5464f4dc3,India,Female,26-35,Urban,Hinduism,Southern Asia,Asia
227402e4-9b73-48ab-aed6-9da2cfb3d0a6,Kenya,Female,26-35,Urban,Christianity,Eastern Africa,Africa
b9589bd7-d1fb-453d-a6a4-84212c174d4d,Kenya,Male,18-25,Urban,Christianity,Eastern Africa,Africa
59cc4274-a951-4e2b-8d68-94297280285c,Malawi,Female,18-25,Urban,Christianity,Eastern Africa,Africa
9a7ab15c-353c-409b-80fb-68d022cdf05e,Czechia,Female,36-45,Urban,Christianity,Eastern Europe,Europe
53a85263-6680-4abf-9411-1e310fb361fd,United States of America,Female,26-35,Urban,I do not identify with any religious group or faith,Northern America,North America
8ca11233-6b01-4f61-92e4-caf19ca7842f,Kenya,Male,26-35,Urban,Christianity,Eastern Africa,Africa
272dc885-fdfb-4d40-9490-efcfd8bda97c,Kenya,Female,18-25,Urban,Christianity,Eastern Africa,Africa
6e8c18e6-d105-4d26-81fb-080875fd791e,Australia,Male,18-25,Urban,Islam,Australia and New Zealand,Oceania
88999eea-88aa-42d1-824a-01f7dfc82ec9,Republic of Korea,Female,36-45,Urban,Christianity,Eastern Asia,Asia
d69656cd-f87e-47fc-b9aa-b4621980ebca,Indonesia,Female,36-45,Urban,Christianity,South-eastern Asia,Asia
6f010d77-2f8f-44a4-83e6-41ae5c55dea1,Kenya,Male,26-35,Urban,Christianity,Eastern Africa,Africa
c134c7be-e7cf-4611-aa89-a5a4400525e3,India,Female,26-35,Urban,Islam,Southern Asia,Asia
889cfd8f-5a4c-4e02-ae7b-a1301216d4c4,Canada,Female,18-25,Urban,I do not identify with any religious group or faith,Northern America,North America
812805e4-123b-4b50-8dd6-7967d26f97cf,India,Female,18-25,Urban,Islam,Southern Asia,Asia
bc704470-fd9b-469f-9e32-703c068f1260,Israel,Female,26-35,Urban,Judaism,Western Asia,Asia
f927bb65-28b7-44bf-80ac-edd737c5a1b6,India,Female,36-45,Urban,Hinduism,Southern Asia,Asia
8977f5b3-83ad-470e-9176-bd2a4120f749,Indonesia,Female,26-35,Urban,Islam,South-eastern Asia,Asia
bcf4f44b-6494-431a-ae09-eadbaee8412d,India,Female,56-65,Urban,Christianity,Southern Asia,Asia
6a283255-acdc-4c98-8fe9-7372c15a9a7a,Ireland,Female,26-35,Urban,I do not identify with any religious group or faith,Northern Europe,Europe
9ac1bfa6-fec1-4d03-af81-2095a6bbf1e0,India,Female,56-65,Urban,Hinduism,Southern Asia,Asia
fef76d41-bd1d-42e6-9527-02fd600f38cd,India,Female,18-25,Urban,Hinduism,Southern Asia,Asia
fa2c1515-7f07-4afb-b68d-9aaa45bd0733,India,Female,18-25,Rural,Islam,Southern Asia,Asia
0d999855-8bb5-4512-850d-bbaffb59f40c,India,Female,26-35,Urban,Hinduism,Southern Asia,Asia
69df25c1-8633-42f4-9dea-71f422f7a202,India,Female,18-25,Urban,Hinduism,Southern Asia,Asia
55209b02-fc1e-4f96-801b-466cede871a9,Indonesia,Male,46-55,Urban,Islam,South-eastern Asia,Asia
ce639e99-e372-4ecc-9281-65af456ba5c3,India,Female,18-25,Urban,Christianity,Southern Asia,Asia
c2201ed9-0780-4ef4-ab6f-00fb7b3e3ab6,Pakistan,Female,26-35,Urban,Islam,Southern Asia,Asia
38c0f267-b62b-40fd-81e7-3f060d723cc1,India,Female,36-45,Urban,Hinduism,Southern Asia,Asia
f550d799-6285-4c04-971b-9bbd0cc77c2c,Austria,Male,18-25,Rural,Islam,Western Europe,Europe
de3d51fa-a267-48ec-a0e3-6502931d2c41,Kenya,Female,26-35,Urban,Christianity,Eastern Africa,Africa
9c1f13fb-b3ec-4a4b-a3c9-2b9f8a57f691,India,Female,26-35,Urban,I do not identify with any religious group or faith,Southern Asia,Asia
dbb1e81b-a2d0-4e42-85eb-d0a88321e0cc,China,Male,26-35,Urban,I do not identify with any religious group or faith,Eastern Asia,Asia
413cc6eb-d994-4952-9b4d-baceef7f387c,Italy,Male,26-35,Urban,I do not identify with any religious group or faith,Southern Europe,Europe
a27485fe-92c5-4415-b0c9-cd933ab05146,India,Female,18-25,Urban,Hinduism,Southern Asia,Asia
4b8f5066-4e4b-41dc-bf43-9ad2c3b63625,United Kingdom,Female,26-35,Urban,Islam,Northern Europe,Europe
ef1b7191-9d90-4ed6-baf8-fad53b53c155,Japan,Male,18-25,Urban,Buddhism,Eastern Asia,Asia
ce9173e9-d34d-4723-8035-45043a71e559,Chile,Female,26-35,Urban,I do not identify with any religious group or faith,South America,South America
0a92c0e2-0072-4f4b-8196-b1385d7258e7,China,Female,36-45,Urban,I do not identify with any religious group or faith,Eastern Asia,Asia
632edefd-e3a8-46db-a755-cf70c312c452,United Kingdom,Male,36-45,Urban,Islam,Northern Europe,Europe
347b2b59-0cbc-4c7d-b3eb-c2a24796fe2b,Italy,Female,36-45,Urban,I do not identify with any religious group or faith,Southern Europe,Europe
1d13ed64-052f-451a-a9ac-49161692448b,India,Female,18-25,Urban,Hinduism,Southern Asia,Asia
08739fac-b28e-4c29-a73e-930a531607b0,Kenya,Male,18-25,Urban,Christianity,Eastern Africa,Africa
01084b27-7a87-4652-b704-069466d31a54,China,Female,36-45,Urban,I do not identify with any religious group or faith,Eastern Asia,Asia
3645d937-4098-4993-8053-45f2f62d4511,Kenya,Female,26-35,Urban,Christianity,Eastern Africa,Africa
ec496cf1-a358-4a9a-a77d-aa7f8733f67e,Russian Federation,Female,26-35,Urban,I do not identify with any religious group or faith,Eastern Europe,Europe
307b9c8a-de6d-4bb4-8584-643c2c7fcc60,Indonesia,Male,36-45,Urban,Islam,South-eastern Asia,Asia
aeca1b4e-12cb-4061-9b73-66051a584dd2,Indonesia,Male,18-25,Urban,Islam,South-eastern Asia,Asia
71b635f4-6360-4577-a28e-5ea5f29dc162,Kenya,Male,36-45,Urban,Christianity,Eastern Africa,Africa
9edf17e6-4220-4c06-adac-72f70e0dfb6f,Kenya,Female,18-25,Urban,Christianity,Eastern Africa,Africa
f6dc82a3-e04e-4f03-94ba-7b1db7b3e616,Kenya,Female,26-35,Urban,Christianity,Eastern Africa,Africa
5c95e7c7-c35e-4297-8a09-31d86050882b,Kenya,Male,26-35,Urban,Christianity,Eastern Africa,Africa
32702696-bd75-4e99-ba2c-22a1fc4de6cc,Israel,Female,18-25,Urban,Judaism,Western Asia,Asia
dc1bfd14-c4bb-4198-b358-b3a6261874ff,India,Female,18-25,Urban,Hinduism,Southern Asia,Asia
fb33b807-befb-4d3f-9aac-65adfb5c5bfe,Philippines,Male,18-25,Rural,Christianity,South-eastern Asia,Asia
9c4bb671-20e5-4630-9928-8187eb093223,Indonesia,Male,18-25,Urban,Islam,South-eastern Asia,Asia
75dc1aef-0f9d-4ec8-a82f-65d12e0c663d,Indonesia,Female,46-55,Urban,Islam,South-eastern Asia,Asia
b802c26a-ec99-450d-bf76-afd3290937b0,Indonesia,Male,36-45,Urban,Buddhism,South-eastern Asia,Asia
c592b77f-ca44-42fd-bc77-461c8ded3e43,Japan,Female,26-35,Urban,Buddhism,Eastern Asia,Asia
730a6d42-b405-45bf-8902-4b5723842252,Indonesia,Male,36-45,Urban,Christianity,South-eastern Asia,Asia
f9ece7ba-f431-4051-8539-3f5530fa78e4,Indonesia,Female,26-35,Urban,Islam,South-eastern Asia,Asia
9e81feff-4664-482f-87f2-cfde41d0f4a3,Kenya,Male,26-35,Urban,Christianity,Eastern Africa,Africa
fa1c983e-b5d3-4441-a204-b26fbae44816,China,Female,18-25,Urban,I do not identify with any religious group or faith,Eastern Asia,Asia
f27f71bb-f6a8-4699-af69-9515fe856ab9,Kenya,Female,26-35,Urban,Christianity,Eastern Africa,Africa
df79edc3-7964-411a-92d3-e85aaf5ec36e,Kenya,Male,26-35,Urban,Christianity,Eastern Africa,Africa
48afff31-7ce9-4846-a11e-875ae7e0738c,Kenya,Female,46-55,Urban,Christianity,Eastern Africa,Africa
76f503c8-8dd9-4d4f-9e40-bae03a9590d7,United States of America,Female,26-35,Urban,I do not identify with any religious group or faith,Northern America,North America
af5e662a-648a-4c86-992a-4a40acf48ac5,Russian Federation,Female,26-35,Urban,Christianity,Eastern Europe,Europe
bbed8b72-d17a-4208-af4b-c937ae0417ec,Israel,Male,18-25,Urban,Judaism,Western Asia,Asia
1432cc63-1eb7-4c5e-b4ab-e70e001043c6,United Kingdom,Female,26-35,Urban,I do not identify with any religious group or faith,Northern Europe,Europe
0237a958-2604-44b1-9b09-a5edf531a049,Bangladesh,Male,26-35,Urban,Islam,Southern Asia,Asia
d570e04a-3d93-4e97-b1e0-289f7daa166c,China,Female,26-35,Urban,I do not identify with any religious group or faith,Eastern Asia,Asia
a38e1665-9803-46dd-9434-bc183b4bc3db,Indonesia,Female,36-45,Rural,Christianity,South-eastern Asia,Asia
49aca0cc-236d-49fd-bf1f-31eeed9973fd,Canada,Female,36-45,Urban,Christianity,Northern America,North America
fbe47282-6b9c-4e68-b245-fabddd857038,Canada,Female,36-45,Urban,I do not identify with any religious group or faith,Northern America,North America
d9904937-47ba-40db-bd25-7c874e5073f9,Kenya,Female,18-25,Urban,Christianity,Eastern Africa,Africa
e62e8d09-b85d-4f67-9e78-e835c26cadb4,Russian Federation,Male,26-35,Urban,Christianity,Eastern Europe,Europe
65b506df-5c9e-404a-aa5b-6938ca34cba9,Indonesia,Female,26-35,Urban,Islam,South-eastern Asia,Asia
2a9972a0-065e-471e-86ea-e32a941aff19,Finland,Male,26-35,Urban,I do not identify with any religious group or faith,Northern Europe,Europe
692a1b25-e90a-4966-8f70-d61f7cac3f61,Indonesia,Female,18-25,Urban,Christianity,South-eastern Asia,Asia
2a5701c0-3445-4727-83be-2cb1ccde4319,Kenya,Female,26-35,Urban,Christianity,Eastern Africa,Africa
cb5e9d12-bea7-4520-8db1-12acb39299a7,India,Female,56-65,Urban,Hinduism,Southern Asia,Asia
d508c2de-581e-40ff-a2be-6b17153972a0,Canada,Female,36-45,Urban,I do not identify with any religious group or faith,Northern America,North America
513579d7-ebaf-41bd-b9dc-fcf0b70bb4e2,Kenya,Male,26-35,Urban,Christianity,Eastern Africa,Africa
c2572325-3fa7-4b0c-9af5-4ee53225edd8,Indonesia,Male,26-35,Urban,Christianity,South-eastern Asia,Asia
75d4af65-315d-4a4f-86e2-24c3492ee0c0,Kenya,Male,36-45,Urban,Christianity,Eastern Africa,Africa
34622ae5-8146-41fc-9494-56d8a19e2ca0,Kenya,Male,36-45,Urban,Christianity,Eastern Africa,Africa
e540bbe5-5252-46c5-88bd-6678a8629b0a,Indonesia,Female,26-35,Urban,Islam,South-eastern Asia,Asia
819ff5f2-8b1c-4b00-a361-6bf925310c84,United States of America,Female,36-45,Urban,Christianity,Northern America,North America
dc6ba1e2-5977-45e3-aa95-b25edc0a44c3,Pakistan,Male,26-35,Rural,Islam,Southern Asia,Asia
fca3e2ec-3b3d-4b72-ba82-65a276ef340a,Kenya,Male,18-25,Urban,Christianity,Eastern Africa,Africa
f1015e6f-4df7-495b-9506-a4cf8d97e81e,Pakistan,Female,26-35,Urban,Islam,Southern Asia,Asia
c7480a59-4097-4607-83e7-b97df1cf947b,Kenya,Female,26-35,Urban,Christianity,Eastern Africa,Africa
544ddb33-b158-4e2f-ac57-c495e40dc02b,Croatia,Female,26-35,Urban,I do not identify with any religious group or faith,Southern Europe,Europe
e53389ae-e7a8-4cb7-881d-a35f7e209b62,Kenya,Male,36-45,Urban,Christianity,Eastern Africa,Africa
3f0ac3f2-d492-41f5-bbec-12ca4cdf52d7,Bangladesh,Male,18-25,Urban,Islam,Southern Asia,Asia
6d8ad307-4b5e-4d17-b579-8699d35736e4,United Kingdom,Female,36-45,Urban,Christianity,Northern Europe,Europe
6f4be3a2-3c7d-4904-9668-6a8ac8e500cf,Kenya,Female,26-35,Urban,Christianity,Eastern Africa,Africa
8ecd6970-e8aa-4031-82df-82ba0175e60d,Kenya,Male,26-35,Urban,Christianity,Eastern Africa,Africa
7301cc6e-c03c-43cf-bf1f-61eb330311f7,United Kingdom,Female,36-45,Urban,Islam,Northern Europe,Europe
7609d344-ece0-4a96-8fee-70ab02e5c4b3,China,Female,36-45,Urban,I do not identify with any religious group or faith,Eastern Asia,Asia
a9deeee3-1a84-4334-a676-5bcf29449cf7,Israel,Male,36-45,Urban,Judaism,Western Asia,Asia
40d71d43-48a2-4ab6-a26a-f5b6da5a87da,Philippines,Female,26-35,Urban,Christianity,South-eastern Asia,Asia
6f69a6d0-714c-4dd9-aa11-5dc20af86585,China,Male,18-25,Urban,I do not identify with any religious group or faith,Eastern Asia,Asia
9f3722f0-6eca-44aa-aca8-3ebb96e470f3,India,Female,26-35,Urban,Hinduism,Southern Asia,Asia
414a0c2e-ef6d-4df0-9111-8ad50d144b06,Kenya,Male,18-25,Urban,Christianity,Eastern Africa,Africa
e83b9263-7a6c-4d5c-b23c-1ec9f5acb447,China,Female,36-45,Urban,I do not identify with any religious group or faith,Eastern Asia,Asia
607dad70-7e5f-4104-8231-dd00231a3d31,Kenya,Male,26-35,Rural,Christianity,Eastern Africa,Africa
3e98e90b-689a-4fb1-ba4f-1c3e5b663d7b,Kenya,Male,26-35,Urban,Christianity,Eastern Africa,Africa
022370cb-7c90-42b1-aaa2-4af482180fdc,Kenya,Male,18-25,Urban,Islam,Eastern Africa,Africa
83791cbe-f6ac-40b3-b77c-94f5c6e26fd1,China,Female,18-25,Urban,I do not identify with any religious group or faith,Eastern Asia,Asia
2eff5949-8f8c-4e15-8ecc-b71c355d2532,Syrian Arab Republic,Female,26-35,Urban,Islam,Western Asia,Asia
79c0e3fc-2b35-4540-bd31-b6de82209b27,Israel,Female,36-45,Urban,Judaism,Western Asia,Asia
5287ae17-2a76-4982-ae22-6443ad2bdb9f,China,Female,36-45,Urban,I do not identify with any religious group or faith,Eastern Asia,Asia
51fa5cfb-de1b-4fd6-89fe-b4323bceba42,India,Male,26-35,Urban,Hinduism,Southern Asia,Asia
0e031b03-169c-4730-8f2d-02dd03e3939c,Australia,Female,36-45,Urban,I do not identify with any religious group or faith,Australia and New Zealand,Oceania
512df479-cd14-434a-9666-08941b6644a6,Kenya,Male,36-45,Urban,Christianity,Eastern Africa,Africa
f1155e98-ce2d-437b-9241-6edf09ccdca5,Kenya,Female,26-35,Urban,Christianity,Eastern Africa,Africa
37fb6c10-40f6-4992-a55e-f5a3408e51bb,Saint Vincent and the Grenadines,Female,18-25,Urban,Christianity,Caribbean,North America
7d430ba7-8ae2-4736-a433-57f72b137349,Israel,Female,18-25,Urban,Judaism,Western Asia,Asia
4d4915d5-3957-4a4b-9896-7c9d7598ea7d,India,Female,18-25,Urban,Christianity,Southern Asia,Asia
402016d4-36f8-4148-9f9f-37a596376be3,Kenya,Female,26-35,Urban,Christianity,Eastern Africa,Africa
d1f05c0b-7acc-4a50-8b0b-3ee97b7e6a69,Luxembourg,Male,26-35,Urban,Islam,Western Europe,Europe
76a85d86-fa59-4938-ac51-17ceb3185a89,United Kingdom,Male,26-35,Urban,Islam,Northern Europe,Europe
399f0fb3-d731-4b35-8429-9f9cd6be8632,Russian Federation,Male,26-35,Urban,I do not identify with any religious group or faith,Eastern Europe,Europe
dfff4e4e-ab94-494a-b196-26b868874882,Kenya,Female,26-35,Urban,Christianity,Eastern Africa,Africa
5d9fa9b9-87bc-4897-90dc-670b786a229f,Kenya,Female,26-35,Urban,Christianity,Eastern Africa,Africa
a7c94dcd-200a-4a1f-a536-e9d29f63a64c,Kenya,Male,36-45,Rural,Christianity,Eastern Africa,Africa
79247885-720f-4b7c-84b0-553425da429e,Kenya,Female,18-25,Urban,Christianity,Eastern Africa,Africa
0412556b-1cb0-497d-b013-a723bd3ce4d7,Israel,Male,36-45,Urban,Judaism,Western Asia,Asia
cc051c4f-faa5-47bd-a3c5-9d8509cb611c,Israel,Female,46-55,Rural,Hinduism,Western Asia,Asia
f194d08a-caa4-4690-bece-83a11ab2b765,Kenya,Male,18-25,Urban,Christianity,Eastern Africa,Africa
c81b4ab1-7bc2-4e94-8357-6a333accb98c,Pakistan,Male,26-35,Urban,Islam,Southern Asia,Asia
9d6c33fd-1a89-4d5e-8f71-19d61d9750cf,United Arab Emirates,Female,18-25,Urban,Islam,Western Asia,Asia
00fac719-5dcd-4a7c-a3cb-164923ef3459,Kenya,Male,18-25,Urban,Christianity,Eastern Africa,Africa
5112c858-8fb6-4f6a-8b0f-dbf958cba6a7,Malawi,Female,36-45,Urban,Christianity,Eastern Africa,Africa
cfe99ccd-fc55-4412-bca6-f612b91e37b7,Israel,Male,46-55,Urban,Judaism,Western Asia,Asia
0d2e0b43-f882-463c-b325-3fdc43e8a2e0,Israel,Female,18-25,Urban,Judaism,Western Asia,Asia
d59d8c50-c0cd-43ed-be47-a496fed22eb2,China,Female,26-35,Urban,I do not identify with any religious group or faith,Eastern Asia,Asia
285e3afe-f406-4b9a-ae34-d168ffb57f24,Kenya,Female,26-35,Urban,Christianity,Eastern Africa,Africa
e135a0f6-fa1a-42ab-9e52-62df9062adf2,Bangladesh,Male,26-35,Urban,Islam,Southern Asia,Asia
2a97fd6a-32ab-46d6-b06f-9d52dc8e1037,Romania,Male,18-25,Urban,Judaism,Eastern Europe,Europe
1e2ebde1-409e-453e-9aec-b1188d4807fe,Kenya,Male,26-35,Rural,Christianity,Eastern Africa,Africa
6f124e25-f4f2-4521-9a66-52ed56b46f8d,China,Female,18-25,Urban,I do not identify with any religious group or faith,Eastern Asia,Asia
fe220cac-0668-43d8-96ed-f6c1c7338d11,Kenya,Female,26-35,Urban,Christianity,Eastern Africa,Africa
cf64f966-1592-4623-9811-60333591cc68,Pakistan,Male,26-35,Urban,Islam,Southern Asia,Asia
2438061f-a4d3-446c-940d-93da982536f9,Malawi,Female,26-35,Urban,Christianity,Eastern Africa,Africa
c5c96fb9-8eb4-4bef-a4db-cb90c5afe770,Philippines,Female,18-25,Urban,Christianity,South-eastern Asia,Asia
c16aeec1-68ea-4118-864e-52b2ef176c53,Israel,Male,26-35,Urban,Judaism,Western Asia,Asia
83442f16-6739-4177-be70-4568e3076484,India,Female,26-35,Urban,Christianity,Southern Asia,Asia
ab189044-3be2-4c76-ba50-7d5a73cf4ebf,Saudi Arabia,Female,18-25,Urban,Islam,Western Asia,Asia
c8e8c488-0317-4e88-8ab9-12704f2941d9,Kenya,Male,26-35,Urban,Christianity,Eastern Africa,Africa
fe8f3f79-55b0-4412-aa26-5fbe9b2640e5,Kenya,Female,46-55,Urban,Christianity,Eastern Africa,Africa
eb8e850e-9148-459d-bad7-ed065251c50b,China,Female,36-45,Urban,I do not identify with any religious group or faith,Eastern Asia,Asia
e8e4d79c-8009-491e-be90-8dc51a42f586,Kenya,Male,26-35,Urban,Christianity,Eastern Africa,Africa
7967be90-eef0-4c9e-a75f-f1bbf40f4be8,Saudi Arabia,Male,18-25,Urban,Islam,Western Asia,Asia
9aa4c775-16df-4eef-9904-7ac216d3522e,China,Female,26-35,Urban,I do not identify with any religious group or faith,Eastern Asia,Asia
2060c17a-e143-4677-9bd2-4162b02c583b,Kenya,Male,18-25,Urban,Christianity,Eastern Africa,Africa
9e8f57c3-26f2-49bd-8705-9c7754005eff,Kenya,Female,18-25,Urban,Christianity,Eastern Africa,Africa
5cc629e8-ba47-4612-a19b-f010841f5825,Canada,Male,26-35,Urban,Buddhism,Northern America,North America
0ee0da42-04e3-4bfc-b364-500ef11bf9a9,Canada,Female,26-35,Urban,I do not identify with any religious group or faith,Northern America,North America
9e323cb9-401f-44b4-b775-42a6e17ee969,Finland,Male,26-35,Urban,I do not identify with any religious group or faith,Northern Europe,Europe
cfcc637b-5a93-4966-8541-f0d57f7a661d,China,Female,18-25,Urban,I do not identify with any religious group or faith,Eastern Asia,Asia
f13ea4b8-c744-4a94-9872-32e7627c38b7,Canada,Male,46-55,Urban,I do not identify with any religious group or faith,Northern America,North America
6410b9b6-e68d-4934-85de-5987b59ba6e8,Saudi Arabia,Male,18-25,Urban,Islam,Western Asia,Asia
3487c3b0-8ee5-4174-9a6e-c68307da0e54,China,Female,18-25,Urban,Buddhism,Eastern Asia,Asia
f14ecf50-97b8-430f-bd38-ee84cd311b5c,Israel,Male,36-45,Urban,Judaism,Western Asia,Asia
c68c106b-e5d7-4778-98c3-1086bfd07d34,Indonesia,Female,26-35,Urban,Islam,South-eastern Asia,Asia
97ee9295-ed5b-46e6-89b9-e4d3c8c5a1df,Indonesia,Male,18-25,Urban,Islam,South-eastern Asia,Asia
b9ead374-bfef-4a5a-9962-4b4ef654ee29,Indonesia,Male,18-25,Urban,Buddhism,South-eastern Asia,Asia
a73ccd0b-655c-4615-ae9d-cda59650f22a,Bangladesh,Male,26-35,Urban,Islam,Southern Asia,Asia
b10a1327-cc79-4a54-9d63-e10a413fc6a6,Indonesia,Male,26-35,Urban,Islam,South-eastern Asia,Asia
79f81794-9c97-4ba4-9708-6156217af859,Indonesia,Female,26-35,Urban,Islam,South-eastern Asia,Asia
1415a635-e972-43a6-849a-764a8be5b1c4,Israel,Male,18-25,Urban,Islam,Western Asia,Asia
894c4b03-68a0-4ac2-8a79-397399b86041,Israel,Male,36-45,Urban,I do not identify with any religious group or faith,Western Asia,Asia
233e5f64-a812-4cfc-8ecc-0509b14eb858,Australia,Male,26-35,Urban,Islam,Australia and New Zealand,Oceania
dc1f026d-dc18-4bb9-b4b7-99faeeb1b72e,China,Female,18-25,Urban,I do not identify with any religious group or faith,Eastern Asia,Asia
4ff10f08-318c-496b-ac22-41fd7f7f171e,Indonesia,Male,18-25,Urban,Islam,South-eastern Asia,Asia
1da07936-d691-4653-9050-c15d74f418f4,Bangladesh,Female,18-25,Urban,Islam,Southern Asia,Asia
18c98584-665f-4421-a613-7af011ab9ade,Kenya,Female,18-25,Rural,Christianity,Eastern Africa,Africa
fefd5946-8b4c-4249-b355-61335b8e1f14,Kazakhstan,Male,46-55,Urban,Islam,Central Asia,Asia
b71ca24d-a575-4a17-a48e-01a9e9a86779,China,Female,18-25,Urban,I do not identify with any religious group or faith,Eastern Asia,Asia
6cb692d6-74f5-44b9-bc7f-ed92a4507d3c,United States of America,Male,46-55,Urban,Christianity,Northern America,North America
cbdce5d8-81fd-414f-8cf5-4f8138f870fa,China,Male,18-25,Urban,I do not identify with any religious group or faith,Eastern Asia,Asia
59f3ed9b-7d48-4ad2-ba8b-e35edb1f8cf7,Canada,Male,36-45,Urban,I do not identify with any religious group or faith,Northern America,North America
391642fa-5af6-41eb-a3fe-e11cb984c908,Kenya,Female,46-55,Urban,Christianity,Eastern Africa,Africa
5c1c43e5-20a3-41f3-b675-37627aa5acaa,Indonesia,Female,26-35,Urban,I do not identify with any religious group or faith,South-eastern Asia,Asia
a9c73cfb-2d52-4853-85f3-108f79853a65,Indonesia,Female,26-35,Urban,I do not identify with any religious group or faith,South-eastern Asia,Asia
12dc1aa1-d0c6-4141-99fa-225b350fcd15,Israel,Male,46-55,Urban,Judaism,Western Asia,Asia
1078c3e6-9255-47c6-9b79-7898de5ffe74,Kazakhstan,Male,36-45,Urban,Christianity,Central Asia,Asia
96118d5c-e647-46a3-b651-85342c10db82,Canada,Female,26-35,Urban,Buddhism,Northern America,North America
4735e386-376c-4b1c-aa98-e8720968eb28,United Kingdom,Female,56-65,Urban,I do not identify with any religious group or faith,Northern Europe,Europe
231044b4-b7ed-4ca6-9a4b-fc68433d726c,Kenya,Female,26-35,Urban,Christianity,Eastern Africa,Africa
dc731ea9-9285-4f70-a7ba-b13252060a1e,Kenya,Female,26-35,Urban,Christianity,Eastern Africa,Africa
1d802dc5-0ce9-4bce-96b6-d1639a384be7,Israel,Male,26-35,Urban,Buddhism,Western Asia,Asia
2e4a1b89-492c-450c-8526-43dab51bda31,Kazakhstan,Male,36-45,Urban,I do not identify with any religious group or faith,Central Asia,Asia
66f8b1ba-5f9c-47a6-b4e8-ca4fe32a6d44,Germany,Male,26-35,Urban,I do not identify with any religious group or faith,Western Europe,Europe
ed199be4-ab82-4929-b4ab-7e1677d54f79,Kenya,Female,46-55,Urban,I do not identify with any religious group or faith,Eastern Africa,Africa
d4bb91a2-92a5-473c-ba7f-a4c06140a9db,China,Female,26-35,Rural,I do not identify with any religious group or faith,Eastern Asia,Asia
ae713c9e-112f-4833-9a99-5536e1eaabed,United States of America,Male,46-55,Urban,Buddhism,Northern America,North America
8818f172-1259-404d-8ab1-b77c287e6970,United States of America,Female,36-45,Urban,I do not identify with any religious group or faith,Northern America,North America
1d99586f-9f9f-44e9-852a-fb8570648322,China,Female,36-45,Urban,I do not identify with any religious group or faith,Eastern Asia,Asia
05ff6b36-cef9-460f-9074-a9cfd47343a5,Canada,Male,56-65,Urban,Christianity,Northern America,North America
b1432d5b-c383-4b29-8894-cafcfc0d85e6,Switzerland,Male,26-35,Urban,I do not identify with any religious group or faith,Western Europe,Europe
88b28b14-e5f7-47c7-bf44-1429feb24b7a,China,Female,36-45,Urban,Christianity,Eastern Asia,Asia
87d3aef6-dd43-4cd7-b253-379721291323,China,Male,26-35,Urban,I do not identify with any religious group or faith,Eastern Asia,Asia
87751c1a-7c21-4bcb-82d0-47babc931c53,Canada,Female,56-65,Urban,Christianity,Northern America,North America
03aaaf17-45a1-4b12-a6a1-19054385a4a6,China,Male,36-45,Rural,I do not identify with any religious group or faith,Eastern Asia,Asia
fd22be57-984e-455c-b8a1-1b80f718eb20,United States of America,Female,26-35,Urban,I do not identify with any religious group or faith,Northern America,North America
fa14fd58-38b3-4f4c-b989-cae118ee2fea,Bangladesh,Male,26-35,Urban,Islam,Southern Asia,Asia
37d23933-5fbb-4f51-a849-bc3669eef1fb,Kazakhstan,Male,26-35,Urban,Islam,Central Asia,Asia
5ced8644-bfad-4baf-849c-414f08597cdd,United Kingdom,Male,36-45,Urban,I do not identify with any religious group or faith,Northern Europe,Europe
e6c2542d-4c2f-4baf-b6d3-5ad3ac409465,United Kingdom,Female,26-35,Urban,I do not identify with any religious group or faith,Northern Europe,Europe
8fb6b084-b4c1-4a88-b694-9d97ea1f9754,Israel,Female,46-55,Rural,Judaism,Western Asia,Asia
e4e7b907-e91e-4d1d-94fb-eb7eda00fc95,United Kingdom,Male,18-25,Urban,I do not identify with any religious group or faith,Northern Europe,Europe
dc5f54a8-2095-493a-bf42-53f4a28af065,United States of America,Male,26-35,Urban,I do not identify with any religious group or faith,Northern America,North America
54673f0f-a0fb-4c1e-9b0d-f1dbd1e6dac9,Australia,Female,26-35,Urban,I do not identify with any religious group or faith,Australia and New Zealand,Oceania
f7448935-941a-4ef7-b37a-e701f1b88b77,United States of America,Male,46-55,Urban,I do not identify with any religious group or faith,Northern America,North America
8a70d9df-7b05-4f80-850d-35bfb4cfdc82,China,Female,56-65,Urban,I do not identify with any religious group or faith,Eastern Asia,Asia
849e3579-ad8e-4c8e-8d1d-0e2feb7b89f6,United States of America,Female,36-45,Urban,Christianity,Northern America,North America
fcfdc6f3-d14d-450e-9533-bd59311056cb,Canada,Female,36-45,Urban,I do not identify with any religious group or faith,Northern America,North America
1d91d0ef-4979-44c6-bf2a-fc1cd34c4b26,United States of America,Male,18-25,Urban,I do not identify with any religious group or faith,Northern America,North America
