country,environment,count,proportion,population_proportion,sample_proportion,benchmark_proportion,deviation,abs_deviation,normalized_deviation,tvd_contribution
Kenya,Urban,107.0,0.17833333333333334,0.0018043527192507,0.17833333333333334,0.0018043527192507,0.17652898061408265,0.17652898061408265,97.83507333720786,0.08826449030704132
India,Rural,8.0,0.013333333333333334,0.1170329481724181,0.013333333333333334,0.1170329481724181,-0.10369961483908477,0.10369961483908477,-0.8860719691202679,0.051849807419542385
India,Urban,88.0,0.14666666666666667,0.0603695647673797,0.14666666666666667,0.0603695647673797,0.08629710189928697,0.08629710189928697,1.4294802725812765,0.04314855094964348
China,Urban,17.0,0.028333333333333332,0.1096632966724287,0.028333333333333332,0.1096632966724287,-0.08132996333909537,0.08132996333909537,-0.741633397927414,0.040664981669547684
United States,Urban,48.0,0.08,,0.08,0.0,0.08,0.08,inf,0.04
China,Rural,1.0,0.0016666666666666668,0.0757304077978642,0.0016666666666666668,0.0757304077978642,-0.07406374113119754,0.07406374113119754,-0.9779921075941483,0.03703187056559877
Chile,Urban,34.0,0.056666666666666664,0.0020876093689036,0.056666666666666664,0.0020876093689036,0.054579057297763064,0.054579057297763064,26.144286431530844,0.027289528648881532
United States of America,Urban,,,0.0352154047596026,0.0,0.0352154047596026,-0.0352154047596026,0.0352154047596026,-1.0,0.0176077023798013
Israel,Urban,18.0,0.03,0.0010234972003185,0.03,0.0010234972003185,0.0289765027996815,0.0289765027996815,28.31126728110674,0.01448825139984075
United Kingdom,Urban,18.0,0.03,0.0072741408165495,0.03,0.0072741408165495,0.0227258591834505,0.0227258591834505,3.1241984114119123,0.01136292959172525
Brazil,Urban,27.0,0.045,0.0239164516038588,0.045,0.0239164516038588,0.021083548396141197,0.021083548396141197,0.8815500202688709,0.010541774198070598
Türkiye,Urban,12.0,0.02,,0.02,0.0,0.02,0.02,inf,0.01
Canada,Urban,13.0,0.021666666666666667,0.0039414861462343,0.021666666666666667,0.0039414861462343,0.017725180520432367,0.017725180520432367,4.497080507911216,0.008862590260216184
Kazakhstan,Urban,10.0,0.016666666666666666,0.001384708385838,0.016666666666666666,0.001384708385838,0.015281958280828666,0.015281958280828666,11.036228593055213,0.007640979140414333
Pakistan,Rural,1.0,0.0016666666666666668,0.0166630113195226,0.0016666666666666668,0.0166630113195226,-0.014996344652855934,0.014996344652855934,-0.8999780631059178,0.007498172326427967
Indonesia,Rural,1.0,0.0016666666666666668,0.0156160622504308,0.0016666666666666668,0.0156160622504308,-0.013949395583764132,0.013949395583764132,-0.8932722833747228,0.006974697791882066
Bangladesh,Rural,,,0.0138122335952867,0.0,0.0138122335952867,-0.0138122335952867,0.0138122335952867,-1.0,0.00690611679764335
Morocco,Urban,10.0,0.016666666666666666,0.0029613552507424,0.016666666666666666,0.0029613552507424,0.013705311415924267,0.013705311415924267,4.628053798168389,0.006852655707962133
Mexico,Urban,16.0,0.02666666666666667,0.0137319207709402,0.02666666666666667,0.0137319207709402,0.012934745895726468,0.012934745895726468,0.9419473146902557,0.006467372947863234
Nigeria,Urban,,,0.012919621405608,0.0,0.012919621405608,-0.012919621405608,0.012919621405608,-1.0,0.006459810702804
Nigeria,Rural,,,0.0127431428176883,0.0,0.0127431428176883,-0.0127431428176883,0.0127431428176883,-1.0,0.00637157140884415
Ethiopia,Rural,,,0.0111634825841705,0.0,0.0111634825841705,-0.0111634825841705,0.0111634825841705,-1.0,0.00558174129208525
South Africa,Urban,9.0,0.015,0.0049900074076461,0.015,0.0049900074076461,0.010009992592353899,0.010009992592353899,2.006007561635232,0.0050049962961769496
United States,Rural,6.0,0.01,,0.01,0.0,0.01,0.01,inf,0.005
Japan,Urban,4.0,0.006666666666666667,0.0152662494592313,0.006666666666666667,0.0152662494592313,-0.008599582792564633,0.008599582792564633,-0.5633068433428866,0.004299791396282317
United Kingdom,Rural,6.0,0.01,0.0014479891267179,0.01,0.0014479891267179,0.0085520108732821,0.0085520108732821,5.90612920738335,0.00427600543664105
Germany,Urban,10.0,0.016666666666666666,0.0083355016485746,0.016666666666666666,0.0083355016485746,0.008331165018092066,0.008331165018092066,0.9994797397126931,0.004165582509046033
Viet Nam,Rural,,,0.0081009829608416,0.0,0.0081009829608416,-0.0081009829608416,0.0081009829608416,-1.0,0.0040504914804208
Turkey,Urban,,,0.008064691521455,0.0,0.008064691521455,-0.008064691521455,0.008064691521455,-1.0,0.0040323457607275
Iran (Islamic Republic of),Urban,,,0.0080476594379884,0.0,0.0080476594379884,-0.0080476594379884,0.0080476594379884,-1.0,0.0040238297189942
Slovakia,Urban,5.0,0.008333333333333333,0.0003836149260794,0.008333333333333333,0.0003836149260794,0.007949718407253933,0.007949718407253933,20.723172814210344,0.003974859203626967
Egypt,Urban,8.0,0.013333333333333334,0.0055600581396719,0.013333333333333334,0.0055600581396719,0.007773275193661435,0.007773275193661435,1.3980564588341045,0.0038866375968307173
United States of America,Rural,,,0.0075963092261223,0.0,0.0075963092261223,-0.0075963092261223,0.0075963092261223,-1.0,0.00379815461306115
Egypt,Rural,,,0.0074597905263359,0.0,0.0074597905263359,-0.0074597905263359,0.0074597905263359,-1.0,0.00372989526316795
Philippines,Rural,,,0.0074089563079893,0.0,0.0074089563079893,-0.0074089563079893,0.0074089563079893,-1.0,0.00370447815399465
Poland,Urban,6.0,0.01,0.0029983017702623,0.01,0.0029983017702623,0.0070016982297377,0.0070016982297377,2.3352213240114157,0.00350084911486885
France,Rural,5.0,0.008333333333333333,0.0016713714521842,0.008333333333333333,0.0016713714521842,0.006661961881149133,0.006661961881149133,3.9859253743044816,0.0033309809405745665
Italy,Urban,7.0,0.011666666666666667,0.0054716223216721,0.011666666666666667,0.0054716223216721,0.006195044344994567,0.006195044344994567,1.1322134425208998,0.0030975221724972835
Democratic Republic of the Congo,Rural,,,0.0061126837401511,0.0,0.0061126837401511,-0.0061126837401511,0.0061126837401511,-1.0,0.00305634187007555
Russian Federation,Urban,5.0,0.008333333333333333,0.0140392843694997,0.008333333333333333,0.0140392843694997,-0.0057059510361663675,0.0057059510361663675,-0.4064274849053223,0.0028529755180831838
Republic of Korea,Urban,,,0.0054604859594054,0.0,0.0054604859594054,-0.0054604859594054,0.0054604859594054,-1.0,0.0027302429797027
Colombia,Urban,,,0.0052348763614857,0.0,0.0052348763614857,-0.0052348763614857,0.0052348763614857,-1.0,0.00261743818074285
United Republic of Tanzania,Rural,,,0.0051270501715392,0.0,0.0051270501715392,-0.0051270501715392,0.0051270501715392,-1.0,0.0025635250857696
Korea South,Urban,3.0,0.005,,0.005,0.0,0.005,0.005,inf,0.0025
Vietnam,Urban,3.0,0.005,,0.005,0.0,0.005,0.005,inf,0.0025
Myanmar,Rural,,,0.0048982961889796,0.0,0.0048982961889796,-0.0048982961889796,0.0048982961889796,-1.0,0.0024491480944898
Democratic Republic of the Congo,Urban,,,0.0048933175799662,0.0,0.0048933175799662,-0.0048933175799662,0.0048933175799662,-1.0,0.0024466587899831
Russian Federation,Rural,,,0.0048224379095397,0.0,0.0048224379095397,-0.0048224379095397,0.0048224379095397,-1.0,0.00241121895476985
Viet Nam,Urban,,,0.0045408844682334,0.0,0.0045408844682334,-0.0045408844682334,0.0045408844682334,-1.0,0.0022704422341167
Thailand,Rural,,,0.0045366919553801,0.0,0.0045366919553801,-0.0045366919553801,0.0045366919553801,-1.0,0.00226834597769005
Thailand,Urban,,,0.0045273898174868,0.0,0.0045273898174868,-0.0045273898174868,0.0045273898174868,-1.0,0.0022636949087434
Uganda,Rural,,,0.0044211358198603,0.0,0.0044211358198603,-0.0044211358198603,0.0044211358198603,-1.0,0.00221056790993015
Indonesia,Urban,9.0,0.015,0.0193383585840521,0.015,0.0193383585840521,-0.004338358584052099,0.004338358584052099,-0.22433954594418598,0.0021691792920260494
Australia,Urban,4.0,0.006666666666666667,0.0027915584801826,0.006666666666666667,0.0027915584801826,0.0038751081864840673,0.0038751081864840673,1.38815225043417,0.0019375540932420336
Spain,Rural,3.0,0.005,0.0011961763234649,0.005,0.0011961763234649,0.0038038236765351,0.0038038236765351,3.1799857612268796,0.00190191183826755
Venezuela (Bolivarian Republic of),Urban,,,0.0037422107696746,0.0,0.0037422107696746,-0.0037422107696746,0.0037422107696746,-1.0,0.0018711053848373
Iraq,Urban,,,0.0036322883233014,0.0,0.0036322883233014,-0.0036322883233014,0.0036322883233014,-1.0,0.0018161441616507
Sudan,Rural,,,0.0035545958194882,0.0,0.0035545958194882,-0.0035545958194882,0.0035545958194882,-1.0,0.0017772979097441
Afghanistan,Rural,,,0.0035505343226615,0.0,0.0035505343226615,-0.0035505343226615,0.0035505343226615,-1.0,0.00177526716133075
Belgium,Urban,3.0,0.005,0.0014764196045045,0.005,0.0014764196045045,0.0035235803954955,0.0035235803954955,2.386571124323458,0.00176179019774775
Kenya,Rural,5.0,0.008333333333333333,0.0048710448554329,0.008333333333333333,0.0048710448554329,0.0034622884779004336,0.0034622884779004336,0.7107896931063536,0.0017311442389502168
Spain,Urban,5.0,0.008333333333333333,0.0048825742657796,0.008333333333333333,0.0048825742657796,0.003450759067553733,0.003450759067553733,0.7067499396248815,0.0017253795337768664
Mexico,Rural,,,0.0033996038599417,0.0,0.0033996038599417,-0.0033996038599417,0.0033996038599417,-1.0,0.00169980192997085
Ireland {Republic},Urban,2.0,0.0033333333333333335,,0.0033333333333333335,0.0,0.0033333333333333335,0.0033333333333333335,inf,0.0016666666666666668
Peru,Urban,,,0.0033225664362618,0.0,0.0033225664362618,-0.0033225664362618,0.0033225664362618,-1.0,0.0016612832181309
Philippines,Urban,2.0,0.0033333333333333335,0.0065458227243105,0.0033333333333333335,0.0065458227243105,-0.0032124893909771667,0.0032124893909771667,-0.49076938473239085,0.0016062446954885833
Nepal,Rural,,,0.0031150370500221,0.0,0.0031150370500221,-0.0031150370500221,0.0031150370500221,-1.0,0.00155751852501105
Chile,Rural,2.0,0.0033333333333333335,0.0002964892683462,0.0033333333333333335,0.0002964892683462,0.0030368440649871336,0.0030368440649871336,10.24267786124764,0.0015184220324935668
Hungary,Rural,2.0,0.0033333333333333335,0.0003637004900261,0.0033333333333333335,0.0003637004900261,0.0029696328433072338,0.0029696328433072338,8.16505043227774,0.0014848164216536169
Ethiopia,Urban,,,0.0029253258434091,0.0,0.0029253258434091,-0.0029253258434091,0.0029253258434091,-1.0,0.00146266292170455
Malawi,Urban,2.0,0.0033333333333333335,0.0004252780225593,0.0033333333333333335,0.0004252780225593,0.0029080553107740338,0.0029080553107740338,6.838009858288738,0.0014540276553870169
Iran (Islamic Republic of),Rural,,,0.0026972269409827,0.0,0.0026972269409827,-0.0026972269409827,0.0026972269409827,-1.0,0.00134861347049135
Turkey,Rural,,,0.0026677483349828,0.0,0.0026677483349828,-0.0026677483349828,0.0026677483349828,-1.0,0.0013338741674914
Angola,Urban,,,0.0026415451296495,0.0,0.0026415451296495,-0.0026415451296495,0.0026415451296495,-1.0,0.00132077256482475
United Republic of Tanzania,Urban,,,0.0026149488762362,0.0,0.0026149488762362,-0.0026149488762362,0.0026149488762362,-1.0,0.0013074744381181
Mozambique,Rural,,,0.0025603151931163,0.0,0.0025603151931163,-0.0025603151931163,0.0025603151931163,-1.0,0.00128015759655815
South Africa,Rural,,,0.002530181506983,0.0,0.002530181506983,-0.002530181506983,0.002530181506983,-1.0,0.0012650907534915
Niger,Rural,,,0.0024430558492498,0.0,0.0024430558492498,-0.0024430558492498,0.0024430558492498,-1.0,0.0012215279246249
"China, Taiwan Province of China",Urban,,,0.0024261547818098,0.0,0.0024261547818098,-0.0024261547818098,0.0024261547818098,-1.0,0.0012130773909049
Yemen,Rural,,,0.0024002136085298,0.0,0.0024002136085298,-0.0024002136085298,0.0024002136085298,-1.0,0.0012001068042649
Ukraine,Urban,1.0,0.0016666666666666668,0.0039987401498875,0.0016666666666666668,0.0039987401498875,-0.0023320734832208328,0.0023320734832208328,-0.5832020575996775,0.0011660367416104164
Sri Lanka,Rural,,,0.0022376227194367,0.0,0.0022376227194367,-0.0022376227194367,0.0022376227194367,-1.0,0.00111881135971835
Ghana,Urban,,,0.0021639917124502,0.0,0.0021639917124502,-0.0021639917124502,0.0021639917124502,-1.0,0.0010819958562251
Madagascar,Rural,,,0.0021612403758902,0.0,0.0021612403758902,-0.0021612403758902,0.0021612403758902,-1.0,0.0010806201879451
Myanmar,Urban,,,0.0021575719271435,0.0,0.0021575719271435,-0.0021575719271435,0.0021575719271435,-1.0,0.00107878596357175
Uzbekistan,Urban,,,0.0021404088276502,0.0,0.0021404088276502,-0.0021404088276502,0.0021404088276502,-1.0,0.0010702044138251
Uzbekistan,Rural,,,0.0020999248754103,0.0,0.0020999248754103,-0.0020999248754103,0.0020999248754103,-1.0,0.00104996243770515
Malawi,Rural,,,0.0020856441285036,0.0,0.0020856441285036,-0.0020856441285036,0.0020856441285036,-1.0,0.0010428220642518
Dem. People's Republic of Korea,Urban,,,0.0020769970707436,0.0,0.0020769970707436,-0.0020769970707436,0.0020769970707436,-1.0,0.0010384985353718
Argentina,Urban,2.0,0.0033333333333333335,0.0053789939908189,0.0033333333333333335,0.0053789939908189,-0.002045660657485567,0.002045660657485567,-0.3803054364770046,0.0010228303287427834
Brazil,Rural,1.0,0.0016666666666666668,0.0037105048912213,0.0016666666666666668,0.0037105048912213,-0.0020438382245546336,0.0020438382245546336,-0.5508248296317193,0.0010219191122773168
Pakistan,Urban,7.0,0.011666666666666667,0.0096467100434527,0.011666666666666667,0.0096467100434527,0.0020199566232139664,0.0020199566232139664,0.20939331794106605,0.0010099783116069832
Sudan,Urban,,,0.0018840104634639,0.0,0.0018840104634639,-0.0018840104634639,0.0018840104634639,-1.0,0.00094200523173195
Burkina Faso,Rural,,,0.0018280666200773,0.0,0.0018280666200773,-0.0018280666200773,0.0018280666200773,-1.0,0.00091403331003865
Cameroon,Urban,,,0.001822694962984,0.0,0.001822694962984,-0.001822694962984,0.001822694962984,-1.0,0.000911347481492
Malaysia,Urban,3.0,0.005,0.003192074473702,0.005,0.003192074473702,0.0018079255262980001,0.0018079255262980001,0.5663794943359398,0.0009039627631490001
Morocco,Rural,,,0.0017803767863707,0.0,0.0017803767863707,-0.0017803767863707,0.0017803767863707,-1.0,0.00089018839318535
Ukraine,Rural,,,0.0017671441676774,0.0,0.0017671441676774,-0.0017671441676774,0.0017671441676774,-1.0,0.0008835720838387
Ghana,Rural,,,0.0016961334812242,0.0,0.0016961334812242,-0.0016961334812242,0.0016961334812242,-1.0,0.0008480667406121
Palestine,Urban,1.0,0.0016666666666666668,,0.0016666666666666668,0.0,0.0016666666666666668,0.0016666666666666668,inf,0.0008333333333333334
Côte d'Ivoire,Urban,,,0.0016569596892509,0.0,0.0016569596892509,-0.0016569596892509,0.0016569596892509,-1.0,0.00082847984462545
Cambodia,Rural,,,0.0016306254678909,0.0,0.0016306254678909,-0.0016306254678909,0.0016306254678909,-1.0,0.00081531273394545
Côte d'Ivoire,Rural,,,0.0016061254709043,0.0,0.0016061254709043,-0.0016061254709043,0.0016061254709043,-1.0,0.00080306273545215
Israel,Rural,1.0,0.0016666666666666668,8.39812730932124e-05,0.0016666666666666668,8.39812730932124e-05,0.0015826853935734543,0.0015826853935734543,18.845694227769112,0.0007913426967867272
Chad,Rural,,,0.0015476923230111,0.0,0.0015476923230111,-0.0015476923230111,0.0015476923230111,-1.0,0.00077384616150555
Iraq,Rural,,,0.0015218821657578,0.0,0.0015218821657578,-0.0015218821657578,0.0015218821657578,-1.0,0.0007609410828789
Algeria,Rural,,,0.0015064222746111,0.0,0.0015064222746111,-0.0015064222746111,0.0015064222746111,-1.0,0.00075321113730555
Zimbabwe,Rural,,,0.0015022297617578,0.0,0.0015022297617578,-0.0015022297617578,0.0015022297617578,-1.0,0.0007511148808789
Latvia,Urban,1.0,0.0016666666666666668,0.0001722860750664,0.0016666666666666668,0.0001722860750664,0.0014943805916002668,0.0014943805916002668,8.673832699620815,0.0007471902958001334
Netherlands,Rural,1.0,0.0016666666666666668,0.000190497302773,0.0016666666666666668,0.000190497302773,0.0014761693638936668,0.0014761693638936668,7.7490302613507165,0.0007380846819468334
Mali,Rural,,,0.0014430105177045,0.0,0.0014430105177045,-0.0014430105177045,0.0014430105177045,-1.0,0.00072150525885225
Mozambique,Urban,,,0.0014394730849845,0.0,0.0014394730849845,-0.0014394730849845,0.0014394730849845,-1.0,0.00071973654249225
Albania,Urban,1.0,0.0016666666666666668,0.0002318983671996,0.0016666666666666668,0.0002318983671996,0.0014347682994670667,0.0014347682994670667,6.187056497177188,0.0007173841497335334
Armenia,Urban,1.0,0.0016666666666666668,0.0002427726974129,0.0016666666666666668,0.0002427726974129,0.0014238939692537667,0.0014238939692537667,5.865132218027193,0.0007119469846268834
Cameroon,Rural,,,0.0014105185430913,0.0,0.0014105185430913,-0.0014105185430913,0.0014105185430913,-1.0,0.00070525927154565
Ecuador,Urban,,,0.0014099944789846,0.0,0.0014099944789846,-0.0014099944789846,0.0014099944789846,-1.0,0.0007049972394923
Japan,Rural,,,0.0013971549083713,0.0,0.0013971549083713,-0.0013971549083713,0.0013971549083713,-1.0,0.00069857745418565
Angola,Rural,,,0.0013904730910113,0.0,0.0013904730910113,-0.0013904730910113,0.0013904730910113,-1.0,0.00069523654550565
Yemen,Urban,,,0.0013881148025313,0.0,0.0013881148025313,-0.0013881148025313,0.0013881148025313,-1.0,0.00069405740126565
Uganda,Urban,,,0.0013789436806646,0.0,0.0013789436806646,-0.0013789436806646,0.0013789436806646,-1.0,0.0006894718403323
Switzerland,Rural,1.0,0.0016666666666666668,0.0002933448837062,0.0016666666666666668,0.0002933448837062,0.0013733217829604667,0.0013733217829604667,4.681594461814167,0.0006866608914802333
South Sudan,Rural,,,0.0013606014369313,0.0,0.0013606014369313,-0.0013606014369313,0.0013606014369313,-1.0,0.00068030071846565
Rwanda,Rural,,,0.001356015875998,0.0,0.001356015875998,-0.001356015875998,0.001356015875998,-1.0,0.000678007937999
Croatia,Urban,1.0,0.0016666666666666668,0.0003107700152528,0.0016666666666666668,0.0003107700152528,0.0013558966514138667,0.0013558966514138667,4.363022765600133,0.0006779483257069334
Slovakia,Rural,1.0,0.0016666666666666668,0.0003304224192528,0.0016666666666666668,0.0003304224192528,0.0013362442474138668,0.0013362442474138668,4.0440483743069855,0.0006681221237069334
Zambia,Rural,,,0.0013030854012247,0.0,0.0013030854012247,-0.0013030854012247,0.0013030854012247,-1.0,0.00065154270061235
Syrian Arab Republic,Urban,,,0.0012974517120781,0.0,0.0012974517120781,-0.0012974517120781,0.0012974517120781,-1.0,0.00064872585603905
Madagascar,Urban,,,0.0012796335324514,0.0,0.0012796335324514,-0.0012796335324514,0.0012796335324514,-1.0,0.0006398167662257
Dem. People's Republic of Korea,Rural,,,0.0012784543882114,0.0,0.0012784543882114,-0.0012784543882114,0.0012784543882114,-1.0,0.0006392271941057
Burundi,Rural,,,0.0012780613401314,0.0,0.0012780613401314,-0.0012780613401314,0.0012780613401314,-1.0,0.0006390306700657
Colombia,Rural,,,0.0012457003815448,0.0,0.0012457003815448,-0.0012457003815448,0.0012457003815448,-1.0,0.0006228501907724
Republic of Korea,Rural,,,0.0012428180289582,0.0,0.0012428180289582,-0.0012428180289582,0.0012428180289582,-1.0,0.0006214090144791
Afghanistan,Urban,,,0.0012149116152782,0.0,0.0012149116152782,-0.0012149116152782,0.0012149116152782,-1.0,0.0006074558076391
Australia,Rural,1.0,0.0016666666666666668,0.0004539705323993,0.0016666666666666668,0.0004539705323993,0.0012126961342673668,0.0012126961342673668,2.67131024531062,0.0006063480671336834
Jordan,Urban,,,0.0011804544002649,0.0,0.0011804544002649,-0.0011804544002649,0.0011804544002649,-1.0,0.00059022720013245
Romania,Rural,,,0.0011801923682116,0.0,0.0011801923682116,-0.0011801923682116,0.0011801923682116,-1.0,0.0005900961841058
Cuba,Urban,,,0.0011596228520249,0.0,0.0011596228520249,-0.0011596228520249,0.0011596228520249,-1.0,0.00057981142601245
Dominican Republic,Urban,,,0.0011559544032783,0.0,0.0011559544032783,-0.0011559544032783,0.0011559544032783,-1.0,0.00057797720163915
Guatemala,Urban,,,0.0011534650987716,0.0,0.0011534650987716,-0.0011534650987716,0.0011534650987716,-1.0,0.0005767325493858
New Zealand,Urban,1.0,0.0016666666666666668,0.0005384758695992,0.0016666666666666668,0.0005384758695992,0.0011281907970674668,0.0011281907970674668,2.0951557177616986,0.0005640953985337334
Senegal,Rural,,,0.001127392909465,0.0,0.001127392909465,-0.001127392909465,0.001127392909465,-1.0,0.0005636964547325
Guatemala,Rural,,,0.0011059062810917,0.0,0.0011059062810917,-0.0011059062810917,0.0011059062810917,-1.0,0.00055295314054585
Syrian Arab Republic,Rural,,,0.0010980453194917,0.0,0.0010980453194917,-0.0010980453194917,0.0010980453194917,-1.0,0.00054902265974585
Somalia,Rural,,,0.0010946389027984,0.0,0.0010946389027984,-0.0010946389027984,0.0010946389027984,-1.0,0.0005473194513992
Guinea,Rural,,,0.001092018582265,0.0,0.001092018582265,-0.001092018582265,0.001092018582265,-1.0,0.0005460092911325
Norway,Urban,1.0,0.0016666666666666668,0.0005768635654125,0.0016666666666666668,0.0005768635654125,0.0010898031012541668,0.0010898031012541668,1.889186918010461,0.0005449015506270834
Mali,Urban,,,0.0010603127038118,0.0,0.0010603127038118,-0.0010603127038118,0.0010603127038118,-1.0,0.0005301563519059
Finland,Urban,1.0,0.0016666666666666668,0.0006199678381857,0.0016666666666666668,0.0006199678381857,0.0010466988284809668,0.0010466988284809668,1.6883114961964323,0.0005233494142404834
Italy,Rural,2.0,0.0033333333333333335,0.00229644891541,0.0033333333333333335,0.00229644891541,0.0010368844179233336,0.0010368844179233336,0.4515164308535084,0.0005184422089616668
Czechia,Urban,,,0.0010272966650918,0.0,0.0010272966650918,-0.0010272966650918,0.0010272966650918,-1.0,0.0005136483325459
Kazakhstan,Rural,,,0.0010265105689318,0.0,0.0010265105689318,-0.0010265105689318,0.0010265105689318,-1.0,0.0005132552844659
Bolivia (Plurinational State of),Urban,,,0.0010200907836251,0.0,0.0010200907836251,-0.0010200907836251,0.0010200907836251,-1.0,0.00051004539181255
Senegal,Urban,,,0.0010075132450652,0.0,0.0010075132450652,-0.0010075132450652,0.0010075132450652,-1.0,0.0005037566225326
Malaysia,Rural,,,0.0010060720687718,0.0,0.0010060720687718,-0.0010060720687718,0.0010060720687718,-1.0,0.0005030360343859
Denmark,Urban,1.0,0.0016666666666666668,0.0006625480468523,0.0016666666666666668,0.0006625480468523,0.0010041186198143667,0.0010041186198143667,1.5155408344871508,0.0005020593099071834
Zambia,Urban,,,0.0010041068283718,0.0,0.0010041068283718,-0.0010041068283718,0.0010041068283718,-1.0,0.0005020534141859
Algeria,Urban,3.0,0.005,0.0039972989735942,0.005,0.0039972989735942,0.0010027010264058002,0.0010027010264058002,0.25084464110129207,0.0005013505132029001
Austria,Urban,1.0,0.0016666666666666668,0.0006684437680523,0.0016666666666666668,0.0006684437680523,0.0009982228986143667,0.0009982228986143667,1.4933535868289587,0.0004991114493071834
"China, Hong Kong SAR",Urban,,,0.0009733180621052,0.0,0.0009733180621052,-0.0009733180621052,0.0009733180621052,-1.0,0.0004866590310526
Belarus,Urban,,,0.0009733180621052,0.0,0.0009733180621052,-0.0009733180621052,0.0009733180621052,-1.0,0.0004866590310526
Papua New Guinea,Rural,,,0.0009577271549319,0.0,0.0009577271549319,-0.0009577271549319,0.0009577271549319,-1.0,0.00047886357746595
Peru,Rural,,,0.0009422672637853,0.0,0.0009422672637853,-0.0009422672637853,0.0009422672637853,-1.0,0.00047113363189265
Hungary,Urban,,,0.0009057137923453,0.0,0.0009057137923453,-0.0009057137923453,0.0009057137923453,-1.0,0.00045285689617265
Canada,Rural,,,0.000899949087172,0.0,0.000899949087172,-0.000899949087172,0.000899949087172,-1.0,0.000449974543586
Somalia,Urban,,,0.000894446414052,0.0,0.000894446414052,-0.000894446414052,0.000894446414052,-1.0,0.000447223207026
Tajikistan,Rural,,,0.0008694223529587,0.0,0.0008694223529587,-0.0008694223529587,0.0008694223529587,-1.0,0.00043471117647935
Switzerland,Urban,1.0,0.0016666666666666668,0.0008260560481321,0.0016666666666666668,0.0008260560481321,0.0008406106185345668,0.0008406106185345668,1.0176193497225496,0.0004203053092672834
Haiti,Urban,,,0.0008048314518121,0.0,0.0008048314518121,-0.0008048314518121,0.0008048314518121,-1.0,0.00040241572590605
Ecuador,Rural,,,0.0007993287786921,0.0,0.0007993287786921,-0.0007993287786921,0.0007993287786921,-1.0,0.00039966438934605
Benin,Rural,,,0.0007929089933855,0.0,0.0007929089933855,-0.0007929089933855,0.0007929089933855,-1.0,0.00039645449669275
Portugal,Urban,1.0,0.0016666666666666668,0.0008792485549587,0.0016666666666666668,0.0008792485549587,0.0007874181117079668,0.0007874181117079668,0.8955580390404546,0.0003937090558539834
Germany,Rural,1.0,0.0016666666666666668,0.0024462002338898,0.0016666666666666668,0.0024462002338898,-0.000779533567223133,0.000779533567223133,-0.31867120132826,0.0003897667836115665
Nepal,Urban,,,0.0007661817239455,0.0,0.0007661817239455,-0.0007661817239455,0.0007661817239455,-1.0,0.00038309086197275
Burkina Faso,Urban,,,0.0007597619386389,0.0,0.0007597619386389,-0.0007597619386389,0.0007597619386389,-1.0,0.00037988096931945
Singapore,Urban,,,0.0007588448264522,0.0,0.0007588448264522,-0.0007588448264522,0.0007588448264522,-1.0,0.0003794224132261
Azerbaijan,Urban,,,0.0007239945633589,0.0,0.0007239945633589,-0.0007239945633589,0.0007239945633589,-1.0,0.00036199728167945
Zimbabwe,Urban,,,0.0007137753132789,0.0,0.0007137753132789,-0.0007137753132789,0.0007137753132789,-1.0,0.00035688765663945
Benin,Urban,,,0.0007119410889056,0.0,0.0007119410889056,-0.0007119410889056,0.0007119410889056,-1.0,0.0003559705444528
Saudi Arabia,Rural,,,0.0007102378805589,0.0,0.0007102378805589,-0.0007102378805589,0.0007102378805589,-1.0,0.00035511894027945
Lebanon,Urban,,,0.0007072245119456,0.0,0.0007072245119456,-0.0007072245119456,0.0007072245119456,-1.0,0.0003536122559728
Honduras,Urban,,,0.0007044731753856,0.0,0.0007044731753856,-0.0007044731753856,0.0007044731753856,-1.0,0.0003522365876928
Bulgaria,Urban,,,0.0006915025887456,0.0,0.0006915025887456,-0.0006915025887456,0.0006915025887456,-1.0,0.0003457512943728
Libya,Urban,,,0.0006790560662123,0.0,0.0006790560662123,-0.0006790560662123,0.0006790560662123,-1.0,0.00033952803310615
"China, Taiwan Province of China",Rural,,,0.0006781389540256,0.0,0.0006781389540256,-0.0006781389540256,0.0006781389540256,-1.0,0.0003390694770128
Haiti,Rural,,,0.0006511496525323,0.0,0.0006511496525323,-0.0006511496525323,0.0006511496525323,-1.0,0.00032557482626615
Serbia,Urban,,,0.0006439437710657,0.0,0.0006439437710657,-0.0006439437710657,0.0006439437710657,-1.0,0.00032197188553285
Guinea,Urban,,,0.0006180025977857,0.0,0.0006180025977857,-0.0006180025977857,0.0006180025977857,-1.0,0.00030900129889285
Tunisia,Urban,1.0,0.0016666666666666668,0.0010531068223451,0.0016666666666666668,0.0010531068223451,0.0006135598443215667,0.0006135598443215667,0.5826188106494907,0.00030677992216078336
Togo,Rural,,,0.0006104036682391,0.0,0.0006104036682391,-0.0006104036682391,0.0006104036682391,-1.0,0.00030520183411955
El Salvador,Urban,,,0.0006050320111457,0.0,0.0006050320111457,-0.0006050320111457,0.0006050320111457,-1.0,0.00030251600557285
Lao People's Democratic Republic,Rural,,,0.0005927165046391,0.0,0.0005927165046391,-0.0005927165046391,0.0005927165046391,-1.0,0.00029635825231955
Sierra Leone,Rural,,,0.0005860346872791,0.0,0.0005860346872791,-0.0005860346872791,0.0005860346872791,-1.0,0.00029301734363955
United Arab Emirates,Urban,1.0,0.0016666666666666668,0.0010816683161584,0.0016666666666666668,0.0010816683161584,0.0005849983505082667,0.0005849983505082667,0.5408296996124635,0.00029249917525413336
Azerbaijan,Rural,,,0.0005762084852791,0.0,0.0005762084852791,-0.0005762084852791,0.0005762084852791,-1.0,0.00028810424263955
Paraguay,Urban,,,0.0005564250652525,0.0,0.0005564250652525,-0.0005564250652525,0.0005564250652525,-1.0,0.00027821253262625
Kuwait,Urban,,,0.0005498742639192,0.0,0.0005498742639192,-0.0005498742639192,0.0005498742639192,-1.0,0.0002749371319596
Oman,Urban,,,0.0005349384368792,0.0,0.0005349384368792,-0.0005349384368792,0.0005349384368792,-1.0,0.0002674692184396
Honduras,Rural,,,0.0005293047477325,0.0,0.0005293047477325,-0.0005293047477325,0.0005293047477325,-1.0,0.00026465237386625
Sweden,Urban,1.0,0.0016666666666666668,0.001143507880745,0.0016666666666666668,0.001143507880745,0.0005231587859216669,0.0005231587859216669,0.4575034372135912,0.0002615793929608334
Costa Rica,Urban,,,0.0005148929847992,0.0,0.0005148929847992,-0.0005148929847992,0.0005148929847992,-1.0,0.0002574464923996
Greece,Urban,1.0,0.0016666666666666668,0.001154120178905,0.0016666666666666668,0.001154120178905,0.0005125464877616668,0.0005125464877616668,0.44410148711545616,0.0002562732438808334
Kyrgyzstan,Rural,,,0.0005114865681059,0.0,0.0005114865681059,-0.0005114865681059,0.0005114865681059,-1.0,0.00025574328405295
Sri Lanka,Urban,,,0.0005071630392259,0.0,0.0005071630392259,-0.0005071630392259,0.0005071630392259,-1.0,0.00025358151961295
State of Palestine,Urban,,,0.0005041496706126,0.0,0.0005041496706126,-0.0005041496706126,0.0005041496706126,-1.0,0.0002520748353063
Serbia,Rural,,,0.0005040186545859,0.0,0.0005040186545859,-0.0005040186545859,0.0005040186545859,-1.0,0.00025200932729295
Venezuela (Bolivarian Republic of),Rural,,,0.0005003502058392,0.0,0.0005003502058392,-0.0005003502058392,0.0005003502058392,-1.0,0.0002501751029196
Cambodia,Urban,,,0.0004978609013326,0.0,0.0004978609013326,-0.0004978609013326,0.0004978609013326,-1.0,0.0002489304506663
Nicaragua,Urban,,,0.0004818769460793,0.0,0.0004818769460793,-0.0004818769460793,0.0004818769460793,-1.0,0.00024093847303965
Niger,Urban,,,0.0004801737377326,0.0,0.0004801737377326,-0.0004801737377326,0.0004801737377326,-1.0,0.0002400868688663
Austria,Rural,,,0.0004782084973326,0.0,0.0004782084973326,-0.0004782084973326,0.0004782084973326,-1.0,0.0002391042486663
Argentina,Rural,,,0.0004759812248793,0.0,0.0004759812248793,-0.0004759812248793,0.0004759812248793,-1.0,0.00023799061243965
Tunisia,Rural,,,0.0004744090325593,0.0,0.0004744090325593,-0.0004744090325593,0.0004744090325593,-1.0,0.00023720451627965
Congo,Urban,,,0.0004733609043459,0.0,0.0004733609043459,-0.0004733609043459,0.0004733609043459,-1.0,0.00023668045217295
Portugal,Rural,,,0.0004690373754659,0.0,0.0004690373754659,-0.0004690373754659,0.0004690373754659,-1.0,0.00023451868773295
Chad,Urban,,,0.0004637967343993,0.0,0.0004637967343993,-0.0004637967343993,0.0004637967343993,-1.0,0.00023189836719965
Bolivia (Plurinational State of),Rural,,,0.0004492539554393,0.0,0.0004492539554393,-0.0004492539554393,0.0004492539554393,-1.0,0.00022462697771965
Puerto Rico,Urban,,,0.000448598875306,0.0,0.000448598875306,-0.000448598875306,0.000448598875306,-1.0,0.000224299437653
Togo,Urban,,,0.0004365454008527,0.0,0.0004365454008527,-0.0004365454008527,0.0004365454008527,-1.0,0.00021827270042635
Uruguay,Urban,,,0.0004334010162127,0.0,0.0004334010162127,-0.0004334010162127,0.0004334010162127,-1.0,0.00021670050810635
Sierra Leone,Urban,,,0.000425409038586,0.0,0.000425409038586,-0.000425409038586,0.000425409038586,-1.0,0.000212704519293
Eritrea,Rural,,,0.000407328826906,0.0,0.000407328826906,-0.000407328826906,0.000407328826906,-1.0,0.000203664413453
Ireland,Urban,,,0.0003976336409327,0.0,0.0003976336409327,-0.0003976336409327,0.0003976336409327,-1.0,0.00019881682046635
Turkmenistan,Urban,,,0.000395537384506,0.0,0.000395537384506,-0.000395537384506,0.000395537384506,-1.0,0.000197768692253
Netherlands,Urban,1.0,0.0016666666666666668,0.0020479115128237,0.0016666666666666668,0.0020479115128237,-0.0003812448461570333,0.0003812448461570333,-0.18616275350264794,0.00019062242307851666
Turkmenistan,Rural,,,0.0003710373875194,0.0,0.0003710373875194,-0.0003710373875194,0.0003710373875194,-1.0,0.0001855186937597
Panama,Urban,,,0.0003692031631461,0.0,0.0003692031631461,-0.0003692031631461,0.0003692031631461,-1.0,0.00018460158157305
Czechia,Rural,,,0.0003648796342661,0.0,0.0003648796342661,-0.0003648796342661,0.0003648796342661,-1.0,0.00018243981713305
Central African Republic,Rural,,,0.0003639625220794,0.0,0.0003639625220794,-0.0003639625220794,0.0003639625220794,-1.0,0.0001819812610397
Saudi Arabia,Urban,2.0,0.0033333333333333335,0.003685873878208,0.0033333333333333335,0.003685873878208,-0.00035254054487466636,0.00035254054487466636,-0.09564639391461346,0.00017627027243733318
Qatar,Urban,,,0.0003500748232528,0.0,0.0003500748232528,-0.0003500748232528,0.0003500748232528,-1.0,0.0001750374116264
Bangladesh,Urban,5.0,0.008333333333333333,0.0079846407291618,0.008333333333333333,0.0079846407291618,0.0003486926041715334,0.0003486926041715334,0.04367041874508209,0.0001743463020857667
Paraguay,Rural,,,0.0003470614546395,0.0,0.0003470614546395,-0.0003470614546395,0.0003470614546395,-1.0,0.00017353072731975
Cuba,Rural,,,0.0003456202783461,0.0,0.0003456202783461,-0.0003456202783461,0.0003456202783461,-1.0,0.00017281013917305
Nicaragua,Rural,,,0.0003415587815195,0.0,0.0003415587815195,-0.0003415587815195,0.0003415587815195,-1.0,0.00017077939075975
South Sudan,Urban,,,0.0003319946115728,0.0,0.0003319946115728,-0.0003319946115728,0.0003319946115728,-1.0,0.0001659973057864
Poland,Rural,1.0,0.0016666666666666668,0.0019940639258637,0.0016666666666666668,0.0019940639258637,-0.0003273972591970331,0.0003273972591970331,-0.16418593955317942,0.00016369862959851654
Liberia,Urban,,,0.0003253127942128,0.0,0.0003253127942128,-0.0003253127942128,0.0003253127942128,-1.0,0.0001626563971064
Tajikistan,Urban,,,0.0003237406018928,0.0,0.0003237406018928,-0.0003237406018928,0.0003237406018928,-1.0,0.0001618703009464
Mauritania,Urban,,,0.0003192860569862,0.0,0.0003192860569862,-0.0003192860569862,0.0003192860569862,-1.0,0.0001596430284931
Lao People's Democratic Republic,Urban,,,0.0003192860569862,0.0,0.0003192860569862,-0.0003192860569862,0.0003192860569862,-1.0,0.0001596430284931
Liberia,Rural,,,0.0003106389992262,0.0,0.0003106389992262,-0.0003106389992262,0.0003106389992262,-1.0,0.0001553194996131
Greece,Rural,,,0.0003056603902128,0.0,0.0003056603902128,-0.0003056603902128,0.0003056603902128,-1.0,0.0001528301951064
Republic of Moldova,Rural,,,0.0003036951498128,0.0,0.0003036951498128,-0.0003036951498128,0.0003036951498128,-1.0,0.0001518475749064
Georgia,Urban,,,0.0003001577170929,0.0,0.0003001577170929,-0.0003001577170929,0.0003001577170929,-1.0,0.00015007885854645
Kyrgyzstan,Urban,,,0.0002920347234395,0.0,0.0002920347234395,-0.0002920347234395,0.0002920347234395,-1.0,0.00014601736171975
Rwanda,Urban,,,0.0002819464893862,0.0,0.0002819464893862,-0.0002819464893862,0.0002819464893862,-1.0,0.0001409732446931
Romania,Urban,1.0,0.0016666666666666668,0.0013852324499446,0.0016666666666666668,0.0013852324499446,0.00028143421672206684,0.00028143421672206684,0.20316750212812465,0.00014071710836103342
Mongolia,Urban,,,0.0002799812489862,0.0,0.0002799812489862,-0.0002799812489862,0.0002799812489862,-1.0,0.0001399906244931
Mauritania,Rural,,,0.0002755267040796,0.0,0.0002755267040796,-0.0002755267040796,0.0002755267040796,-1.0,0.0001377633520398
Eritrea,Urban,,,0.0002723823194396,0.0,0.0002723823194396,-0.0002723823194396,0.0002723823194396,-1.0,0.0001361911597198
Dominican Republic,Rural,,,0.0002698930149329,0.0,0.0002698930149329,-0.0002698930149329,0.0002698930149329,-1.0,0.00013494650746645
Belarus,Rural,,,0.0002650454219462,0.0,0.0002650454219462,-0.0002650454219462,0.0002650454219462,-1.0,0.0001325227109731
Central African Republic,Urban,,,0.0002567914122662,0.0,0.0002567914122662,-0.0002567914122662,0.0002567914122662,-1.0,0.0001283957061331
Lithuania,Urban,,,0.0002550882039196,0.0,0.0002550882039196,-0.0002550882039196,0.0002550882039196,-1.0,0.0001275441019598
Gabon,Urban,,,0.0002421176172796,0.0,0.0002421176172796,-0.0002421176172796,0.0002421176172796,-1.0,0.0001210588086398
Bosnia and Herzegovina,Rural,,,0.0002375320563463,0.0,0.0002375320563463,-0.0002375320563463,0.0002375320563463,-1.0,0.00011876602817315
El Salvador,Rural,,,0.0002350427518396,0.0,0.0002350427518396,-0.0002350427518396,0.0002350427518396,-1.0,0.0001175213759198
Croatia,Rural,,,0.0002349117358129,0.0,0.0002349117358129,-0.0002349117358129,0.0002349117358129,-1.0,0.00011745586790645
Congo,Rural,,,0.0002339946236263,0.0,0.0002339946236263,-0.0002339946236263,0.0002339946236263,-1.0,0.00011699731181315
Ireland,Rural,,,0.0002317673511729,0.0,0.0002317673511729,-0.0002317673511729,0.0002317673511729,-1.0,0.00011588367558645
Bulgaria,Rural,,,0.0002304571909063,0.0,0.0002304571909063,-0.0002304571909063,0.0002304571909063,-1.0,0.00011522859545315
Republic of Moldova,Urban,,,0.0002257406139463,0.0,0.0002257406139463,-0.0002257406139463,0.0002257406139463,-1.0,0.00011287030697315
Bosnia and Herzegovina,Urban,,,0.0002214170850663,0.0,0.0002214170850663,-0.0002214170850663,0.0002214170850663,-1.0,0.00011070854253315
Lesotho,Rural,,,0.0002130320593596,0.0,0.0002130320593596,-0.0002130320593596,0.0002130320593596,-1.0,0.0001065160296798
Botswana,Urban,,,0.0002122459631996,0.0,0.0002122459631996,-0.0002122459631996,0.0002122459631996,-1.0,0.0001061229815998
Georgia,Rural,,,0.000211721899093,0.0,0.000211721899093,-0.000211721899093,0.000211721899093,-1.0,0.0001058609495465
Jamaica,Urban,,,0.0002114598670396,0.0,0.0002114598670396,-0.0002114598670396,0.0002114598670396,-1.0,0.0001057299335198
France,Urban,4.0,0.006666666666666667,0.0068751970153501,0.006666666666666667,0.0068751970153501,-0.000208530348683433,0.000208530348683433,-0.030330817897705607,0.0001042651743417165
Burundi,Urban,,,0.0001915454309863,0.0,0.0001915454309863,-0.0001915454309863,0.0001915454309863,-1.0,9.577271549315e-05
Bahrain,Urban,,,0.0001832914213064,0.0,0.0001832914213064,-0.0001832914213064,0.0001832914213064,-1.0,9.16457106532e-05
Panama,Rural,,,0.0001760855398397,0.0,0.0001760855398397,-0.0001760855398397,0.0001760855398397,-1.0,8.804276991985e-05
Gambia,Urban,,,0.0001737272513597,0.0,0.0001737272513597,-0.0001737272513597,0.0001737272513597,-1.0,8.686362567985e-05
Namibia,Urban,,,0.000169665754533,0.0,0.000169665754533,-0.000169665754533,0.000169665754533,-1.0,8.48328772665e-05
Namibia,Rural,,,0.0001694037224797,0.0,0.0001694037224797,-0.0001694037224797,0.0001694037224797,-1.0,8.470186123985e-05
Libya,Rural,,,0.0001687486423464,0.0,0.0001687486423464,-0.0001687486423464,0.0001687486423464,-1.0,8.43743211732e-05
United Arab Emirates,Rural,,,0.000168486610293,0.0,0.000168486610293,-0.000168486610293,0.000168486610293,-1.0,8.42433051465e-05
Jamaica,Rural,,,0.0001683555942664,0.0,0.0001683555942664,-0.0001683555942664,0.0001683555942664,-1.0,8.41777971332e-05
Sweden,Rural,,,0.0001644251134664,0.0,0.0001644251134664,-0.0001644251134664,0.0001644251134664,-1.0,8.22125567332e-05
TFYR Macedonia,Urban,,,0.0001583983762397,0.0,0.0001583983762397,-0.0001583983762397,0.0001583983762397,-1.0,7.919918811985e-05
State of Palestine,Rural,,,0.0001577432961064,0.0,0.0001577432961064,-0.0001577432961064,0.0001577432961064,-1.0,7.88716480532e-05
Albania,Rural,,,0.0001525026550397,0.0,0.0001525026550397,-0.0001525026550397,0.0001525026550397,-1.0,7.625132751985e-05
Slovenia,Urban,,,0.0001487031902664,0.0,0.0001487031902664,-0.0001487031902664,0.0001487031902664,-1.0,7.43515951332e-05
Papua New Guinea,Urban,,,0.0001452967735731,0.0,0.0001452967735731,-0.0001452967735731,0.0001452967735731,-1.0,7.264838678655e-05
Armenia,Rural,,,0.0001416283248264,0.0,0.0001416283248264,-0.0001416283248264,0.0001416283248264,-1.0,7.08141624132e-05
Guinea-Bissau,Rural,,,0.0001414973087997,0.0,0.0001414973087997,-0.0001414973087997,0.0001414973087997,-1.0,7.074865439985e-05
Swaziland,Rural,,,0.0001388769882664,0.0,0.0001388769882664,-0.0001388769882664,0.0001388769882664,-1.0,6.94384941332e-05
Costa Rica,Rural,,,0.0001340293952798,0.0,0.0001340293952798,-0.0001340293952798,0.0001340293952798,-1.0,6.70146976399e-05
Mongolia,Rural,,,0.0001290507862664,0.0,0.0001290507862664,-0.0001290507862664,0.0001290507862664,-1.0,6.45253931332e-05
Norway,Rural,,,0.0001244652253331,0.0,0.0001244652253331,-0.0001244652253331,0.0001244652253331,-1.0,6.223261266655e-05
Equatorial Guinea,Urban,,,0.0001242031932798,0.0,0.0001242031932798,-0.0001242031932798,0.0001242031932798,-1.0,6.21015966399e-05
Slovenia,Rural,,,0.0001239411612264,0.0,0.0001239411612264,-0.0001239411612264,0.0001239411612264,-1.0,6.19705806132e-05
Lithuania,Rural,,,0.0001218449047998,0.0,0.0001218449047998,-0.0001218449047998,0.0001218449047998,-1.0,6.09224523999e-05
Timor-Leste,Rural,,,0.0001204037285064,0.0,0.0001204037285064,-0.0001204037285064,0.0001204037285064,-1.0,6.02018642532e-05
Estonia,Urban,,,0.0001179144239998,0.0,0.0001179144239998,-0.0001179144239998,0.0001179144239998,-1.0,5.89572119999e-05
Jordan,Rural,,,0.0001169973118131,0.0,0.0001169973118131,-0.0001169973118131,0.0001169973118131,-1.0,5.849865590655e-05
Réunion,Urban,,,0.0001151630874398,0.0,0.0001151630874398,-0.0001151630874398,0.0001151630874398,-1.0,5.75815437199e-05
TFYR Macedonia,Rural,,,0.0001147700393598,0.0,0.0001147700393598,-0.0001147700393598,0.0001147700393598,-1.0,5.73850196799e-05
Gambia,Rural,,,0.0001097914303465,0.0,0.0001097914303465,-0.0001097914303465,0.0001097914303465,-1.0,5.489571517325e-05
Guinea-Bissau,Urban,,,0.0001083502540531,0.0,0.0001083502540531,-0.0001083502540531,0.0001083502540531,-1.0,5.417512702655e-05
Finland,Rural,,,0.0001061229815998,0.0,0.0001061229815998,-0.0001061229815998,0.0001061229815998,-1.0,5.30614907999e-05
Cyprus,Urban,,,0.0001040267251731,0.0,0.0001040267251731,-0.0001040267251731,0.0001040267251731,-1.0,5.201336258655e-05
Djibouti,Urban,,,9.904811615985736e-05,0.0,9.904811615985736e-05,-9.904811615985736e-05,9.904811615985736e-05,-1.0,4.952405807992868e-05
Mauritius,Rural,,,9.839303602652498e-05,0.0,9.839303602652498e-05,-9.839303602652498e-05,9.839303602652498e-05,-1.0,4.919651801326249e-05
Oman,Rural,,,9.786897191985908e-05,0.0,9.786897191985908e-05,-9.786897191985908e-05,9.786897191985908e-05,-1.0,4.893448595992954e-05
Trinidad and Tobago,Urban,,,9.564169946652894e-05,0.0,9.564169946652894e-05,-9.564169946652894e-05,9.564169946652894e-05,-1.0,4.782084973326447e-05
Botswana,Rural,,,9.341442701319882e-05,0.0,9.341442701319882e-05,-9.341442701319882e-05,9.341442701319882e-05,-1.0,4.670721350659941e-05
Denmark,Rural,,,9.144918661320164e-05,0.0,9.144918661320164e-05,-9.144918661320164e-05,9.144918661320164e-05,-1.0,4.572459330660082e-05
Lebanon,Rural,,,9.10561385332022e-05,0.0,9.10561385332022e-05,-9.10561385332022e-05,9.10561385332022e-05,-1.0,4.55280692666011e-05
Trinidad and Tobago,Rural,,,8.424330514654536e-05,0.0,8.424330514654536e-05,-8.424330514654536e-05,8.424330514654536e-05,-1.0,4.212165257327268e-05
New Zealand,Rural,,,8.371924103987944e-05,0.0,8.371924103987944e-05,-8.371924103987944e-05,8.371924103987944e-05,-1.0,4.185962051993972e-05
Lesotho,Urban,,,8.345720898654649e-05,0.0,8.345720898654649e-05,-8.345720898654649e-05,8.345720898654649e-05,-1.0,4.1728604493273245e-05
"China, Macao SAR",Urban,,,8.28021288532141e-05,0.0,8.28021288532141e-05,-8.28021288532141e-05,8.28021288532141e-05,-1.0,4.140106442660705e-05
Latvia,Rural,,,8.057485639988397e-05,0.0,8.057485639988397e-05,-8.057485639988397e-05,8.057485639988397e-05,-1.0,4.0287428199941985e-05
Comoros,Rural,,,7.74304717598885e-05,0.0,7.74304717598885e-05,-7.74304717598885e-05,7.74304717598885e-05,-1.0,3.871523587994425e-05
Guyana,Rural,,,7.520319930655838e-05,0.0,7.520319930655838e-05,-7.520319930655838e-05,7.520319930655838e-05,-1.0,3.760159965327919e-05
Luxembourg,Urban,,,7.03556063198987e-05,0.0,7.03556063198987e-05,-7.03556063198987e-05,7.03556063198987e-05,-1.0,3.517780315994935e-05
Mauritius,Urban,,,6.773528578656913e-05,0.0,6.773528578656913e-05,-6.773528578656913e-05,6.773528578656913e-05,-1.0,3.386764289328457e-05
Fiji,Urban,,,6.721122167990321e-05,0.0,6.721122167990321e-05,-6.721122167990321e-05,6.721122167990321e-05,-1.0,3.3605610839951606e-05
Western Sahara,Urban,,,6.445988511990718e-05,0.0,6.445988511990718e-05,-6.445988511990718e-05,6.445988511990718e-05,-1.0,3.222994255995359e-05
Bhutan,Rural,,,6.328074087990887e-05,0.0,6.328074087990887e-05,-6.328074087990887e-05,6.328074087990887e-05,-1.0,3.1640370439954436e-05
Solomon Islands,Rural,,,6.223261266657705e-05,0.0,6.223261266657705e-05,-6.223261266657705e-05,6.223261266657705e-05,-1.0,3.111630633328853e-05
Guadeloupe,Urban,,,5.790908378658328e-05,0.0,5.790908378658328e-05,-5.790908378658328e-05,5.790908378658328e-05,-1.0,2.895454189329164e-05
Montenegro,Urban,,,5.502673119992076e-05,0.0,5.502673119992076e-05,-5.502673119992076e-05,5.502673119992076e-05,-1.0,2.751336559996038e-05
Malta,Urban,,,5.3585554906589506e-05,0.0,5.3585554906589506e-05,-5.3585554906589506e-05,5.3585554906589506e-05,-1.0,2.6792777453294753e-05
Estonia,Rural,,,5.3323522853256544e-05,0.0,5.3323522853256544e-05,-5.3323522853256544e-05,5.3323522853256544e-05,-1.0,2.6661761426628272e-05
Timor-Leste,Urban,,,5.306149079992359e-05,0.0,5.306149079992359e-05,-5.306149079992359e-05,5.306149079992359e-05,-1.0,2.6530745399961795e-05
Fiji,Rural,,,5.2275394639924726e-05,0.0,5.2275394639924726e-05,-5.2275394639924726e-05,5.2275394639924726e-05,-1.0,2.6137697319962363e-05
Cyprus,Rural,,,5.175133053325881e-05,0.0,5.175133053325881e-05,-5.175133053325881e-05,5.175133053325881e-05,-1.0,2.5875665266629405e-05
Suriname,Urban,,,4.913100999992925e-05,0.0,4.913100999992925e-05,-4.913100999992925e-05,4.913100999992925e-05,-1.0,2.4565504999964625e-05
Equatorial Guinea,Rural,,,4.795186575993095e-05,0.0,4.795186575993095e-05,-4.795186575993095e-05,4.795186575993095e-05,-1.0,2.3975932879965476e-05
Cabo Verde,Urban,,,4.768983370659799e-05,0.0,4.768983370659799e-05,-4.768983370659799e-05,4.768983370659799e-05,-1.0,2.3844916853298995e-05
Martinique,Urban,,,4.493849714660196e-05,0.0,4.493849714660196e-05,-4.493849714660196e-05,4.493849714660196e-05,-1.0,2.246924857330098e-05
Brunei Darussalam,Urban,,,4.415240098660309e-05,0.0,4.415240098660309e-05,-4.415240098660309e-05,4.415240098660309e-05,-1.0,2.2076200493301543e-05
Bhutan,Urban,,,4.375935290660365e-05,0.0,4.375935290660365e-05,-4.375935290660365e-05,4.375935290660365e-05,-1.0,2.1879676453301826e-05
Bahamas,Urban,,,4.34973208532707e-05,0.0,4.34973208532707e-05,-4.34973208532707e-05,4.34973208532707e-05,-1.0,2.174866042663535e-05
Swaziland,Urban,,,4.3366304826604216e-05,0.0,4.3366304826604216e-05,-4.3366304826604216e-05,4.3366304826604216e-05,-1.0,2.1683152413302108e-05
Iceland,Urban,,,4.153208045327353e-05,0.0,4.153208045327353e-05,-4.153208045327353e-05,4.153208045327353e-05,-1.0,2.0766040226636764e-05
Maldives,Rural,,,3.498127911994963e-05,0.0,3.498127911994963e-05,-3.498127911994963e-05,3.498127911994963e-05,-1.0,1.7490639559974815e-05
French Guiana,Urban,,,3.236095858662007e-05,0.0,3.236095858662007e-05,-3.236095858662007e-05,3.236095858662007e-05,-1.0,1.6180479293310035e-05
Comoros,Urban,,,3.15748624266212e-05,0.0,3.15748624266212e-05,-3.15748624266212e-05,3.15748624266212e-05,-1.0,1.57874312133106e-05
Puerto Rico,Rural,,,3.078876626662233e-05,0.0,3.078876626662233e-05,-3.078876626662233e-05,3.078876626662233e-05,-1.0,1.5394383133311164e-05
Belgium,Rural,,,3.0133686133289942e-05,0.0,3.0133686133289942e-05,-3.0133686133289942e-05,3.0133686133289942e-05,-1.0,1.5066843066644971e-05
Gabon,Rural,,,2.882352586662516e-05,0.0,2.882352586662516e-05,-2.882352586662516e-05,2.882352586662516e-05,-1.0,1.441176293331258e-05
Djibouti,Rural,,,2.829946175995925e-05,0.0,2.829946175995925e-05,-2.829946175995925e-05,2.829946175995925e-05,-1.0,1.4149730879979625e-05
Vanuatu,Rural,,,2.764438162662686e-05,0.0,2.764438162662686e-05,-2.764438162662686e-05,2.764438162662686e-05,-1.0,1.382219081331343e-05
Montenegro,Rural,,,2.7382349573293902e-05,0.0,2.7382349573293902e-05,-2.7382349573293902e-05,2.7382349573293902e-05,-1.0,1.3691174786646951e-05
Belize,Rural,,,2.7251333546627425e-05,0.0,2.7251333546627425e-05,-2.7251333546627425e-05,2.7251333546627425e-05,-1.0,1.3625666773313713e-05
Guyana,Urban,,,2.7251333546627425e-05,0.0,2.7251333546627425e-05,-2.7251333546627425e-05,2.7251333546627425e-05,-1.0,1.3625666773313713e-05
New Caledonia,Urban,,,2.5941173279962645e-05,0.0,2.5941173279962645e-05,-2.5941173279962645e-05,2.5941173279962645e-05,-1.0,1.2970586639981323e-05
Barbados,Rural,,,2.5810157253296168e-05,0.0,2.5810157253296168e-05,-2.5810157253296168e-05,2.5810157253296168e-05,-1.0,1.2905078626648084e-05
Suriname,Rural,,,2.5286093146630256e-05,0.0,2.5286093146630256e-05,-2.5286093146630256e-05,2.5286093146630256e-05,-1.0,1.2643046573315128e-05
Cabo Verde,Rural,,,2.489304506663082e-05,0.0,2.489304506663082e-05,-2.489304506663082e-05,2.489304506663082e-05,-1.0,1.244652253331541e-05
Maldives,Urban,,,2.3189836719966605e-05,0.0,2.3189836719966605e-05,-2.3189836719966605e-05,2.3189836719966605e-05,-1.0,1.1594918359983303e-05
French Polynesia,Urban,,,2.3189836719966605e-05,0.0,2.3189836719966605e-05,-2.3189836719966605e-05,2.3189836719966605e-05,-1.0,1.1594918359983303e-05
Belize,Urban,,,2.292780466663365e-05,0.0,2.292780466663365e-05,-2.292780466663365e-05,2.292780466663365e-05,-1.0,1.1463902333316825e-05
Bahrain,Rural,,,2.2010692479968303e-05,0.0,2.2010692479968303e-05,-2.2010692479968303e-05,2.2010692479968303e-05,-1.0,1.1005346239984152e-05
Samoa,Rural,,,2.1224596319969436e-05,0.0,2.1224596319969436e-05,-2.1224596319969436e-05,2.1224596319969436e-05,-1.0,1.0612298159984718e-05
Uruguay,Rural,,,2.1224596319969436e-05,0.0,2.1224596319969436e-05,-2.1224596319969436e-05,2.1224596319969436e-05,-1.0,1.0612298159984718e-05
Guam,Urban,,,2.056951618663705e-05,0.0,2.056951618663705e-05,-2.056951618663705e-05,2.056951618663705e-05,-1.0,1.0284758093318525e-05
Sao Tome and Principe,Urban,,,1.9914436053304656e-05,0.0,1.9914436053304656e-05,-1.9914436053304656e-05,1.9914436053304656e-05,-1.0,9.957218026652328e-06
Solomon Islands,Urban,,,1.9390371946638744e-05,0.0,1.9390371946638744e-05,-1.9390371946638744e-05,1.9390371946638744e-05,-1.0,9.695185973319372e-06
Saint Lucia,Rural,,,1.912833989330579e-05,0.0,1.912833989330579e-05,-1.912833989330579e-05,1.912833989330579e-05,-1.0,9.564169946652895e-06
Curaçao,Urban,,,1.886630783997283e-05,0.0,1.886630783997283e-05,-1.886630783997283e-05,1.886630783997283e-05,-1.0,9.433153919986416e-06
Mayotte,Rural,,,1.834224373330692e-05,0.0,1.834224373330692e-05,-1.834224373330692e-05,1.834224373330692e-05,-1.0,9.17112186665346e-06
Mayotte,Urban,,,1.572192319997736e-05,0.0,1.572192319997736e-05,-1.572192319997736e-05,1.572192319997736e-05,-1.0,7.86096159998868e-06
French Polynesia,Rural,,,1.4280746906646102e-05,0.0,1.4280746906646102e-05,-1.4280746906646102e-05,1.4280746906646102e-05,-1.0,7.140373453323051e-06
United States Virgin Islands,Urban,,,1.31016026666478e-05,0.0,1.31016026666478e-05,-1.31016026666478e-05,1.31016026666478e-05,-1.0,6.5508013333239e-06
Brunei Darussalam,Rural,,,1.2708554586648366e-05,0.0,1.2708554586648366e-05,-1.2708554586648366e-05,1.2708554586648366e-05,-1.0,6.354277293324183e-06
Barbados,Urban,,,1.1660426373316545e-05,0.0,1.1660426373316545e-05,-1.1660426373316545e-05,1.1660426373316545e-05,-1.0,5.830213186658272e-06
Tonga,Rural,,,1.1005346239984152e-05,0.0,1.1005346239984152e-05,-1.1005346239984152e-05,1.1005346239984152e-05,-1.0,5.502673119992076e-06
New Caledonia,Rural,,,1.0743314186651195e-05,0.0,1.0743314186651195e-05,-1.0743314186651195e-05,1.0743314186651195e-05,-1.0,5.371657093325598e-06
Micronesia (Fed. States of),Rural,,,1.0743314186651195e-05,0.0,1.0743314186651195e-05,-1.0743314186651195e-05,1.0743314186651195e-05,-1.0,5.371657093325598e-06
Antigua and Barbuda,Rural,,,1.0219250079985284e-05,0.0,1.0219250079985284e-05,-1.0219250079985284e-05,1.0219250079985284e-05,-1.0,5.109625039992642e-06
Western Sahara,Rural,,,9.957218026652328e-06,0.0,9.957218026652328e-06,-9.957218026652328e-06,9.957218026652328e-06,-1.0,4.978609013326164e-06
Vanuatu,Urban,,,9.302137893319938e-06,0.0,9.302137893319938e-06,-9.302137893319938e-06,9.302137893319938e-06,-1.0,4.651068946659969e-06
Grenada,Rural,,,9.040105839986982e-06,0.0,9.040105839986982e-06,-9.040105839986982e-06,9.040105839986982e-06,-1.0,4.520052919993491e-06
Bahamas,Rural,,,8.909089813320505e-06,0.0,8.909089813320505e-06,-8.909089813320505e-06,8.909089813320505e-06,-1.0,4.454544906660252e-06
Andorra,Urban,,,8.909089813320505e-06,0.0,8.909089813320505e-06,-8.909089813320505e-06,8.909089813320505e-06,-1.0,4.454544906660252e-06
Kiribati,Urban,,,8.385025706654592e-06,0.0,8.385025706654592e-06,-8.385025706654592e-06,8.385025706654592e-06,-1.0,4.192512853327296e-06
Cayman Islands,Urban,,,8.122993653321636e-06,0.0,8.122993653321636e-06,-8.122993653321636e-06,8.122993653321636e-06,-1.0,4.061496826660818e-06
Bermuda,Urban,,,7.991977626655159e-06,0.0,7.991977626655159e-06,-7.991977626655159e-06,7.991977626655159e-06,-1.0,3.995988813327579e-06
Aruba,Rural,,,7.86096159998868e-06,0.0,7.86096159998868e-06,-7.86096159998868e-06,7.86096159998868e-06,-1.0,3.93048079999434e-06
Saint Vincent and the Grenadines,Urban,,,7.598929546655724e-06,0.0,7.598929546655724e-06,-7.598929546655724e-06,7.598929546655724e-06,-1.0,3.799464773327862e-06
Sao Tome and Principe,Rural,,,7.467913519989246e-06,0.0,7.467913519989246e-06,-7.467913519989246e-06,7.467913519989246e-06,-1.0,3.733956759994623e-06
Seychelles,Urban,,,7.0748654399898125e-06,0.0,7.0748654399898125e-06,-7.0748654399898125e-06,7.0748654399898125e-06,-1.0,3.5374327199949063e-06
Kiribati,Rural,,,7.0748654399898125e-06,0.0,7.0748654399898125e-06,-7.0748654399898125e-06,7.0748654399898125e-06,-1.0,3.5374327199949063e-06
Saint Vincent and the Grenadines,Rural,,,6.943849413323334e-06,0.0,6.943849413323334e-06,-6.943849413323334e-06,6.943849413323334e-06,-1.0,3.471924706661667e-06
Luxembourg,Rural,,,6.943849413323334e-06,0.0,6.943849413323334e-06,-6.943849413323334e-06,6.943849413323334e-06,-1.0,3.471924706661667e-06
Dominica,Urban,,,6.812833386656856e-06,0.0,6.812833386656856e-06,-6.812833386656856e-06,6.812833386656856e-06,-1.0,3.406416693328428e-06
Northern Mariana Islands,Urban,,,6.681817359990378e-06,0.0,6.681817359990378e-06,-6.681817359990378e-06,6.681817359990378e-06,-1.0,3.340908679995189e-06
American Samoa,Urban,,,6.419785306657422e-06,0.0,6.419785306657422e-06,-6.419785306657422e-06,6.419785306657422e-06,-1.0,3.209892653328711e-06
Greenland,Urban,,,6.419785306657422e-06,0.0,6.419785306657422e-06,-6.419785306657422e-06,6.419785306657422e-06,-1.0,3.209892653328711e-06
Aruba,Urban,,,6.026737226657988e-06,0.0,6.026737226657988e-06,-6.026737226657988e-06,6.026737226657988e-06,-1.0,3.013368613328994e-06
Isle of Man,Urban,,,5.89572119999151e-06,0.0,5.89572119999151e-06,-5.89572119999151e-06,5.89572119999151e-06,-1.0,2.947860599995755e-06
French Guiana,Rural,,,5.633689146658554e-06,0.0,5.633689146658554e-06,-5.633689146658554e-06,5.633689146658554e-06,-1.0,2.816844573329277e-06
Martinique,Rural,,,5.502673119992076e-06,0.0,5.502673119992076e-06,-5.502673119992076e-06,5.502673119992076e-06,-1.0,2.751336559996038e-06
Seychelles,Rural,,,5.3716570933255985e-06,0.0,5.3716570933255985e-06,-5.3716570933255985e-06,5.3716570933255985e-06,-1.0,2.6858285466627992e-06
Sint Maarten (Dutch part),Urban,,,5.3716570933255985e-06,0.0,5.3716570933255985e-06,-5.3716570933255985e-06,5.3716570933255985e-06,-1.0,2.6858285466627992e-06
Marshall Islands,Urban,,,5.3716570933255985e-06,0.0,5.3716570933255985e-06,-5.3716570933255985e-06,5.3716570933255985e-06,-1.0,2.6858285466627992e-06
Isle of Man,Rural,,,5.24064106665912e-06,0.0,5.24064106665912e-06,-5.24064106665912e-06,5.24064106665912e-06,-1.0,2.62032053332956e-06
Monaco,Urban,,,5.109625039992642e-06,0.0,5.109625039992642e-06,-5.109625039992642e-06,5.109625039992642e-06,-1.0,2.554812519996321e-06
Saint Kitts and Nevis,Rural,,,5.109625039992642e-06,0.0,5.109625039992642e-06,-5.109625039992642e-06,5.109625039992642e-06,-1.0,2.554812519996321e-06
Grenada,Urban,,,5.109625039992642e-06,0.0,5.109625039992642e-06,-5.109625039992642e-06,5.109625039992642e-06,-1.0,2.554812519996321e-06
Samoa,Urban,,,4.716576959993208e-06,0.0,4.716576959993208e-06,-4.716576959993208e-06,4.716576959993208e-06,-1.0,2.358288479996604e-06
Gibraltar,Urban,,,4.5855609333267305e-06,0.0,4.5855609333267305e-06,-4.5855609333267305e-06,4.5855609333267305e-06,-1.0,2.2927804666633653e-06
Saint Lucia,Urban,,,4.454544906660252e-06,0.0,4.454544906660252e-06,-4.454544906660252e-06,4.454544906660252e-06,-1.0,2.227272453330126e-06
Turks and Caicos Islands,Urban,,,4.323528879993774e-06,0.0,4.323528879993774e-06,-4.323528879993774e-06,4.323528879993774e-06,-1.0,2.161764439996887e-06
Liechtenstein,Rural,,,4.323528879993774e-06,0.0,4.323528879993774e-06,-4.323528879993774e-06,4.323528879993774e-06,-1.0,2.161764439996887e-06
San Marino,Urban,,,4.323528879993774e-06,0.0,4.323528879993774e-06,-4.323528879993774e-06,4.323528879993774e-06,-1.0,2.161764439996887e-06
Faeroe Islands,Rural,,,3.799464773327862e-06,0.0,3.799464773327862e-06,-3.799464773327862e-06,3.799464773327862e-06,-1.0,1.899732386663931e-06
Antigua and Barbuda,Urban,,,3.27540066666195e-06,0.0,3.27540066666195e-06,-3.27540066666195e-06,3.27540066666195e-06,-1.0,1.637700333330975e-06
Tonga,Urban,,,3.27540066666195e-06,0.0,3.27540066666195e-06,-3.27540066666195e-06,3.27540066666195e-06,-1.0,1.637700333330975e-06
Micronesia (Fed. States of),Urban,,,3.1443846399954723e-06,0.0,3.1443846399954723e-06,-3.1443846399954723e-06,3.1443846399954723e-06,-1.0,1.5721923199977361e-06
Malta,Rural,,,3.013368613328994e-06,0.0,3.013368613328994e-06,-3.013368613328994e-06,3.013368613328994e-06,-1.0,1.506684306664497e-06
Qatar,Rural,,,3.013368613328994e-06,0.0,3.013368613328994e-06,-3.013368613328994e-06,3.013368613328994e-06,-1.0,1.506684306664497e-06
Dominica,Rural,,,2.882352586662516e-06,0.0,2.882352586662516e-06,-2.882352586662516e-06,2.882352586662516e-06,-1.0,1.441176293331258e-06
Iceland,Rural,,,2.751336559996038e-06,0.0,2.751336559996038e-06,-2.751336559996038e-06,2.751336559996038e-06,-1.0,1.375668279998019e-06
Faeroe Islands,Urban,,,2.751336559996038e-06,0.0,2.751336559996038e-06,-2.751336559996038e-06,2.751336559996038e-06,-1.0,1.375668279998019e-06
Caribbean Netherlands,Urban,,,2.489304506663082e-06,0.0,2.489304506663082e-06,-2.489304506663082e-06,2.489304506663082e-06,-1.0,1.244652253331541e-06
Curaçao,Rural,,,2.358288479996604e-06,0.0,2.358288479996604e-06,-2.358288479996604e-06,2.358288479996604e-06,-1.0,1.179144239998302e-06
Palau,Urban,,,2.358288479996604e-06,0.0,2.358288479996604e-06,-2.358288479996604e-06,2.358288479996604e-06,-1.0,1.179144239998302e-06
Saint Kitts and Nevis,Urban,,,2.227272453330126e-06,0.0,2.227272453330126e-06,-2.227272453330126e-06,2.227272453330126e-06,-1.0,1.113636226665063e-06
British Virgin Islands,Rural,,,2.227272453330126e-06,0.0,2.227272453330126e-06,-2.227272453330126e-06,2.227272453330126e-06,-1.0,1.113636226665063e-06
British Virgin Islands,Urban,,,1.96524039999717e-06,0.0,1.96524039999717e-06,-1.96524039999717e-06,1.96524039999717e-06,-1.0,9.82620199998585e-07
Anguilla,Urban,,,1.96524039999717e-06,0.0,1.96524039999717e-06,-1.96524039999717e-06,1.96524039999717e-06,-1.0,9.82620199998585e-07
Cook Islands,Urban,,,1.703208346664214e-06,0.0,1.703208346664214e-06,-1.703208346664214e-06,1.703208346664214e-06,-1.0,8.51604173332107e-07
Marshall Islands,Rural,,,1.572192319997736e-06,0.0,1.572192319997736e-06,-1.572192319997736e-06,1.572192319997736e-06,-1.0,7.86096159998868e-07
Wallis and Futuna Islands,Rural,,,1.572192319997736e-06,0.0,1.572192319997736e-06,-1.572192319997736e-06,1.572192319997736e-06,-1.0,7.86096159998868e-07
Nauru,Urban,,,1.441176293331258e-06,0.0,1.441176293331258e-06,-1.441176293331258e-06,1.441176293331258e-06,-1.0,7.20588146665629e-07
Andorra,Rural,,,1.179144239998302e-06,0.0,1.179144239998302e-06,-1.179144239998302e-06,1.179144239998302e-06,-1.0,5.89572119999151e-07
Guam,Rural,,,1.179144239998302e-06,0.0,1.179144239998302e-06,-1.179144239998302e-06,1.179144239998302e-06,-1.0,5.89572119999151e-07
American Samoa,Rural,,,9.17112186665346e-07,0.0,9.17112186665346e-07,-9.17112186665346e-07,9.17112186665346e-07,-1.0,4.58556093332673e-07
Guadeloupe,Rural,,,9.17112186665346e-07,0.0,9.17112186665346e-07,-9.17112186665346e-07,9.17112186665346e-07,-1.0,4.58556093332673e-07
Tuvalu,Urban,,,9.17112186665346e-07,0.0,9.17112186665346e-07,-9.17112186665346e-07,9.17112186665346e-07,-1.0,4.58556093332673e-07
Greenland,Rural,,,9.17112186665346e-07,0.0,9.17112186665346e-07,-9.17112186665346e-07,9.17112186665346e-07,-1.0,4.58556093332673e-07
Caribbean Netherlands,Rural,,,7.860961599988681e-07,0.0,7.860961599988681e-07,-7.860961599988681e-07,7.860961599988681e-07,-1.0,3.9304807999943404e-07
Saint Pierre and Miquelon,Urban,,,7.860961599988681e-07,0.0,7.860961599988681e-07,-7.860961599988681e-07,7.860961599988681e-07,-1.0,3.9304807999943404e-07
Northern Mariana Islands,Rural,,,6.5508013333239e-07,0.0,6.5508013333239e-07,-6.5508013333239e-07,6.5508013333239e-07,-1.0,3.27540066666195e-07
Liechtenstein,Urban,,,6.5508013333239e-07,0.0,6.5508013333239e-07,-6.5508013333239e-07,6.5508013333239e-07,-1.0,3.27540066666195e-07
Montserrat,Rural,,,6.5508013333239e-07,0.0,6.5508013333239e-07,-6.5508013333239e-07,6.5508013333239e-07,-1.0,3.27540066666195e-07
United States Virgin Islands,Rural,,,5.24064106665912e-07,0.0,5.24064106665912e-07,-5.24064106665912e-07,5.24064106665912e-07,-1.0,2.62032053332956e-07
Palau,Rural,,,5.24064106665912e-07,0.0,5.24064106665912e-07,-5.24064106665912e-07,5.24064106665912e-07,-1.0,2.62032053332956e-07
Cook Islands,Rural,,,5.24064106665912e-07,0.0,5.24064106665912e-07,-5.24064106665912e-07,5.24064106665912e-07,-1.0,2.62032053332956e-07
Réunion,Rural,,,5.24064106665912e-07,0.0,5.24064106665912e-07,-5.24064106665912e-07,5.24064106665912e-07,-1.0,2.62032053332956e-07
Tuvalu,Rural,,,5.24064106665912e-07,0.0,5.24064106665912e-07,-5.24064106665912e-07,5.24064106665912e-07,-1.0,2.62032053332956e-07
Falkland Islands (Malvinas),Urban,,,2.62032053332956e-07,0.0,2.62032053332956e-07,-2.62032053332956e-07,2.62032053332956e-07,-1.0,1.31016026666478e-07
Turks and Caicos Islands,Rural,,,2.62032053332956e-07,0.0,2.62032053332956e-07,-2.62032053332956e-07,2.62032053332956e-07,-1.0,1.31016026666478e-07
Saint Helena,Urban,,,2.62032053332956e-07,0.0,2.62032053332956e-07,-2.62032053332956e-07,2.62032053332956e-07,-1.0,1.31016026666478e-07
Saint Helena,Rural,,,2.62032053332956e-07,0.0,2.62032053332956e-07,-2.62032053332956e-07,2.62032053332956e-07,-1.0,1.31016026666478e-07
Holy See,Urban,,,1.31016026666478e-07,0.0,1.31016026666478e-07,-1.31016026666478e-07,1.31016026666478e-07,-1.0,6.5508013333239e-08
Tokelau,Rural,,,1.31016026666478e-07,0.0,1.31016026666478e-07,-1.31016026666478e-07,1.31016026666478e-07,-1.0,6.5508013333239e-08
Falkland Islands (Malvinas),Rural,,,1.31016026666478e-07,0.0,1.31016026666478e-07,-1.31016026666478e-07,1.31016026666478e-07,-1.0,6.5508013333239e-08
Saint Pierre and Miquelon,Rural,,,1.31016026666478e-07,0.0,1.31016026666478e-07,-1.31016026666478e-07,1.31016026666478e-07,-1.0,6.5508013333239e-08
Niue,Urban,,,1.31016026666478e-07,0.0,1.31016026666478e-07,-1.31016026666478e-07,1.31016026666478e-07,-1.0,6.5508013333239e-08
Niue,Rural,,,1.31016026666478e-07,0.0,1.31016026666478e-07,-1.31016026666478e-07,1.31016026666478e-07,-1.0,6.5508013333239e-08
San Marino,Rural,,,1.31016026666478e-07,0.0,1.31016026666478e-07,-1.31016026666478e-07,1.31016026666478e-07,-1.0,6.5508013333239e-08
