Index,Variant,"Region, subregion, country or area *",Notes,Location code,ISO3 Alpha-code,ISO2 Alpha-code,SDMX code**,Type,Parent code,Year,0-4,5-9,10-14,15-19,20-24,25-29,30-34,35-39,40-44,45-49,50-54,55-59,60-64,65-69,70-74,75-79,80-84,85-89,90-94,95-99,100+
74,Estimates,World,,900,,,1,World,0,2023,335 562,354 665,351 912,331 691,316 739,308 640,312 122,296 564,265 663,238 673,230 081,204 265,163 247,136 240,100 123,62 095,36 341,17 756,5 797,1 073,103
149,Estimates,Sub-Saharan Africa,b,1834,,,202,SDG region,1828,2023,92 284,83 359,75 663,66 299,56 175,47 436,40 249,34 037,28 218,22 403,17 571,13 579,10 264,7 300,4 772,2 764,1 319,470,120,21,3
223,Estimates,Northern Africa and Western Asia,,1833,,,747,SDG region,1828,2023,29 321,30 067,28 577,25 357,24 279,24 700,24 400,22 741,19 957,16 458,13 557,11 296,8 724,6 390,4 260,2 366,1 190,501,133,19,2
297,Estimates,Central and Southern Asia,,1831,,,62,SDG region,1828,2023,97 930,99 749,102 238,100 200,97 470,92 156,87 040,81 229,70 994,60 205,51 499,43 420,35 849,27 547,18 552,10 412,5 510,2 365,689,123,11
371,Estimates,Eastern and South-Eastern Asia,,1832,,,753,SDG region,1828,2023,61 838,81 810,83 695,78 325,77 210,81 360,93 949,92 514,83 503,80 952,91 097,82 267,58 284,53 143,39 565,23 697,13 892,6 659,2 012,318,29
445,Estimates,Latin America and the Caribbean,,1830,,,419,SDG region,1828,2023,24 239,25 962,26 645,26 786,27 006,26 526,25 592,24 215,22 318,20 037,17 893,15 928,13 504,10 481,7 599,4 922,2 845,1 302,432,93,12
519,Estimates,Oceania (excluding Australia and New Zealand),,1835,,,543,SDG region,1828,2023,824,800,762,707,647,587,536,472,407,353,301,252,194,130,80,45,21,8,2,0,0
593,Estimates,Australia/New Zealand,,1836,,,53,SDG region,1828,2023,937,984,1 018,980,1 001,1 126,1 170,1 134,1 043,958,993,910,886,772,667,529,323,173,71,16,1
667,Estimates,Europe and Northern America,,1829,,,513,SDG region,1828,2023,28 188,31 934,33 315,33 038,32 952,34 747,39 185,40 222,39 224,37 307,37 169,36 612,35 543,30 476,24 628,17 359,11 242,6 277,2 339,482,44
741,Estimates,"Europe, Northern America, Australia, and New Zealand",,5502,,,,SDG region,1828,2023,29 125,32 918,34 332,34 018,33 953,35 873,40 355,41 357,40 266,38 265,38 162,37 523,36 428,31 248,25 296,17 888,11 565,6 451,2 410,498,46
816,Estimates,More developed regions,d,901,,,514,Development Group,1803,2023,31 248,35 456,37 112,36 934,37 065,38 977,43 491,44 849,44 133,42 938,43 036,41 654,40 219,34 890,29 468,21 450,14 167,7 912,2 990,625,62
890,Estimates,Less developed regions,e,902,,,515,Development Group,1803,2023,304 314,319 209,314 800,294 757,279 674,269 662,268 631,251 715,221 530,195 736,187 045,162 611,123 028,101 350,70 654,40 645,22 174,9 844,2 807,447,40
964,Estimates,Least developed countries,f,941,,,199,Development Group,902,2023,84 474,75 677,69 122,62 216,53 463,46 116,38 761,33 188,27 728,22 241,18 212,14 536,11 300,8 352,5 553,3 334,1 623,576,128,15,1
1038,Estimates,"Less developed regions, excluding least developed countries",g,934,,,,Development Group,902,2023,219 840,243 532,245 678,232 540,226 211,223 546,229 870,218 527,193 802,173 494,168 833,148 075,111 728,92 998,65 101,37 311,20 551,9 268,2 679,433,40
1112,Estimates,"Less developed regions, excluding China",,948,,,,Development Group,1803,2023,273 136,271 205,266 019,250 074,235 806,222 270,208 484,191 958,169 731,144 308,124 104,104 677,85 236,63 998,42 987,25 053,13 411,5 730,1 682,310,34
1186,Estimates,Land-locked Developing Countries (LLDC),h,1636,,,432,Special other,1803,2023,41 478,37 686,34 609,30 694,26 484,23 090,20 120,16 940,13 890,11 199,9 058,7 332,5 842,4 108,2 633,1 424,710,268,61,8,1
1260,Estimates,LLDC: Africa,,2087,,,,Special other,1636,2023,29 631,26 494,24 299,21 602,18 160,14 942,12 337,10 058,8 196,6 369,4 887,3 756,2 824,1 977,1 291,748,345,118,26,4,0
1334,Estimates,LLDC: Asia,,2088,,,,Special other,1636,2023,10 721,10 052,9 218,8 060,7 331,7 167,6 823,6 001,4 945,4 189,3 611,3 083,2 596,1 805,1 109,544,293,120,26,3,0
1408,Estimates,LLDC: Europe,,2089,,,,Special other,1636,2023,141,172,160,141,128,141,172,188,166,153,143,142,150,128,96,43,25,10,2,0,0
1482,Estimates,LLDC: Latin America,,2090,,,,Special other,1636,2023,984,968,932,890,864,840,788,693,583,488,417,351,273,198,136,89,46,20,6,1,0
1556,Estimates,Small Island Developing States (SIDS),i,1637,,,722,Special other,1803,2023,3 047,3 097,3 096,3 062,3 108,3 001,2 886,2 582,2 249,2 078,1 972,1 795,1 486,1 107,807,534,307,144,53,13,2
1630,Estimates,SIDS Caribbean,,2091,,,,Special other,1637,2023,1 732,1 809,1 856,1 809,1 834,1 773,1 751,1 602,1 408,1 356,1 346,1 252,1 034,770,575,398,236,113,42,11,2
1704,Estimates,SIDS Pacific,,2092,,,,Special other,1637,2023,904,883,838,787,719,646,585,515,437,379,328,272,209,141,90,53,24,9,2,0,0
1778,Estimates,"SIDS Atlantic, Indian Ocean and South China Sea (AIS)",,2093,,,,Special other,1637,2023,411,406,402,466,555,582,551,465,405,343,298,271,243,196,142,83,47,23,8,2,0
1853,Estimates,High-and-upper-middle-income countries,,5503,,,,Income Group,1802,2023,112 734,136 749,140 074,134 343,134 871,142 501,158 697,156 822,144 682,137 265,144 048,132 700,105 340,92 739,71 238,45 886,27 980,14 305,4 848,913,88
1927,Estimates,Low-and-Lower-middle-income countries,,5504,,,,Income Group,1802,2023,221 704,216 579,210 392,195 920,180 683,165 175,152 489,138 805,120 059,100 535,85 223,70 828,57 276,43 012,28 557,15 997,8 248,3 409,940,159,15
2001,Estimates,High-income countries,j,1503,,,910,Income Group,1802,2023,31 012,34 500,36 153,36 650,38 602,42 423,45 535,45 125,44 777,43 030,43 186,41 377,38 910,33 668,28 547,21 501,14 124,7 825,2 997,633,67
2075,Estimates,Low-and-middle-income countries,,1859,,,913,Income Group,1802,2023,303 426,318 828,314 313,293 613,276 952,265 253,265 651,250 501,219 965,194 770,186 085,162 151,123 707,102 083,71 248,40 382,22 104,9 889,2 791,439,36
2149,Estimates,Middle-income countries,j,1517,,,,Income Group,1802,2023,245 505,267 982,268 517,253 147,242 149,235 982,241 707,231 025,204 095,181 975,175 419,153 766,117 395,97 554,68 318,38 578,21 254,9 607,2 736,433,35
2223,Estimates,Upper-middle-income countries,j,1502,,,914,Income Group,1517,2023,81 722,102 249,103 921,97 693,96 269,100 078,113 162,111 696,99 905,94 235,100 862,91 322,66 431,59 071,42 691,24 385,13 856,6 480,1 851,280,21
2297,Estimates,Lower-middle-income countries,j,1501,,,912,Income Group,1517,2023,163 784,165 732,164 596,155 454,145 880,135 905,128 545,119 328,104 190,87 740,74 557,62 444,50 965,38 483,25 626,14 193,7 398,3 126,885,153,14
2371,Estimates,Low-income countries,j,1500,,,911,Income Group,1802,2023,57 920,50 847,45 796,40 465,34 803,29 271,23 944,19 476,15 870,12 795,10 666,8 385,6 312,4 529,2 930,1 804,850,282,55,6,0
2445,Estimates,No income group available,,1518,,,,Income Group,1802,2023,1 114,1 327,1 434,1 415,1 175,956,927,930,914,864,798,723,616,477,318,204,109,40,8,0,0
2520,Estimates,Africa,,903,,,2,Region,1840,2023,107 071,98 692,89 773,78 566,67 171,57 832,50 380,43 571,36 674,29 541,23 688,18 701,14 385,10 380,6 749,3 790,1 794,650,161,26,4
2594,Estimates,Eastern Africa,,910,,,14,Subregion,903,2023,37 191,33 246,30 571,27 479,23 407,19 499,16 164,13 319,10 871,8 565,6 691,5 034,3 695,2 612,1 757,1 033,489,183,48,9,1
2668,Estimates,Burundi,,108,BDI,BI,108,Country/Area,910,2023,1 092,1 055,975,767,561,452,439,401,328,224,158,113,86,68,45,22,10,3,1,0,0
2742,Estimates,Comoros,,174,COM,KM,174,Country/Area,910,2023,58,54,50,44,39,30,28,27,24,20,16,12,9,7,5,3,2,0,0,0,0
2816,Estimates,Djibouti,,262,DJI,DJ,262,Country/Area,910,2023,58,57,57,58,56,49,45,39,35,32,26,20,15,10,7,4,2,1,0,0,0
2890,Estimates,Eritrea,,232,ERI,ER,232,Country/Area,910,2023,233,222,223,212,175,143,103,82,68,61,53,43,34,23,17,12,6,2,0,0,0
2964,Estimates,Ethiopia,,231,ETH,ET,231,Country/Area,910,2023,9 745,8 391,7 679,7 300,6 452,5 557,4 545,3 492,2 779,2 270,1 833,1 492,1 131,768,512,327,151,51,10,1,0
3038,Estimates,Kenya,,404,KEN,KE,404,Country/Area,910,2023,3 544,3 429,3 458,3 162,2 656,2 208,1 989,1 763,1 435,1 133,893,677,474,301,186,114,53,26,11,4,1
3112,Estimates,Madagascar,,450,MDG,MG,450,Country/Area,910,2023,2 327,2 047,1 879,1 680,1 509,1 306,1 047,857,734,616,491,375,296,221,147,67,33,13,3,0,0
3186,Estimates,Malawi,,454,MWI,MW,454,Country/Area,910,2023,1 544,1 432,1 382,1 236,1 013,835,683,568,492,358,236,165,127,89,61,42,22,8,2,0,0
3260,Estimates,Mauritius,1,480,MUS,MU,480,Country/Area,910,2023,30,31,35,44,48,52,56,48,51,46,40,42,38,30,22,12,6,3,1,0,0
3334,Estimates,Mayotte,2,175,MYT,YT,175,Country/Area,910,2023,25,23,21,16,9,8,9,9,8,7,5,4,3,2,1,1,0,0,0,0,0
3408,Estimates,Mozambique,,508,MOZ,MZ,508,Country/Area,910,2023,2 849,2 498,2 210,1 814,1 557,1 284,1 037,813,627,471,404,267,164,125,94,56,27,8,2,0,0
3482,Estimates,Réunion,2,638,REU,RE,638,Country/Area,910,2023,30,31,33,34,26,20,24,24,25,26,29,31,27,22,15,10,6,3,1,0,0
3556,Estimates,Rwanda,,646,RWA,RW,646,Country/Area,910,2023,948,888,810,788,632,526,484,441,369,236,183,148,136,99,64,31,14,6,1,0,0
3630,Estimates,Seychelles,,690,SYC,SC,690,Country/Area,910,2023,5,4,4,4,5,6,7,7,6,5,4,4,3,2,1,1,0,0,0,0,0
3704,Estimates,Somalia,,706,SOM,SO,706,Country/Area,910,2023,1 733,1 454,1 160,1 013,849,693,496,441,356,275,216,169,130,96,63,32,14,5,1,0,0
3778,Estimates,South Sudan,,728,SSD,SS,728,Country/Area,910,2023,751,735,828,727,561,358,286,261,294,262,203,142,100,67,39,21,9,3,0,0,0
3852,Estimates,Uganda,,800,UGA,UG,800,Country/Area,910,2023,4 010,3 543,3 216,2 841,2 443,2 042,1 608,1 192,877,693,554,404,276,185,121,62,31,15,5,1,0
3926,Estimates,United Republic of Tanzania,3,834,TZA,TZ,834,Country/Area,910,2023,5 468,4 792,4 108,3 666,3 095,2 606,2 139,1 758,1 437,1 182,913,617,416,319,239,156,72,25,6,1,0
4000,Estimates,Zambia,,894,ZMB,ZM,894,Country/Area,910,2023,1 577,1 438,1 331,1 156,965,824,710,613,503,392,276,187,126,78,44,22,9,3,1,0,0
4074,Estimates,Zimbabwe,,716,ZWE,ZW,716,Country/Area,910,2023,1 163,1 121,1 114,918,755,496,430,482,421,256,158,122,105,100,75,37,18,7,2,0,0
4148,Estimates,Middle Africa,,911,,,17,Subregion,903,2023,18 067,15 425,13 118,10 856,8 961,7 574,6 327,5 235,4 186,3 374,2 764,2 189,1 666,1 177,755,445,205,68,14,2,0
4222,Estimates,Angola,,24,AGO,AO,24,Country/Area,911,2023,3 133,2 744,2 355,1 927,1 545,1 307,1 146,974,784,621,493,395,305,209,125,71,32,11,2,0,0
4296,Estimates,Cameroon,,120,CMR,CM,120,Country/Area,911,2023,2 218,1 996,1 755,1 529,1 275,1 098,973,823,672,525,407,298,220,156,99,58,28,10,2,0,0
4370,Estimates,Central African Republic,,140,CAF,CF,140,Country/Area,911,2023,474,415,388,317,247,172,113,77,59,46,44,38,31,23,14,6,2,0,0,0,0
4444,Estimates,Chad,,148,TCD,TD,148,Country/Area,911,2023,1 799,1 503,1 275,1 069,876,720,582,457,366,313,244,179,127,84,52,27,12,4,1,0,0
4518,Estimates,Congo,,178,COG,CG,178,Country/Area,911,2023,447,425,403,324,260,222,197,181,161,137,108,83,59,38,22,12,6,2,1,0,0
4592,Estimates,Democratic Republic of the Congo,,180,COD,CD,180,Country/Area,911,2023,9 687,8 057,6 685,5 474,4 572,3 877,3 131,2 546,1 996,1 613,1 376,1 126,871,631,419,258,118,38,7,1,0
4666,Estimates,Equatorial Guinea,,226,GNQ,GQ,226,Country/Area,911,2023,127,117,104,88,74,72,78,77,63,50,39,30,22,14,9,5,2,1,0,0,0
4740,Estimates,Gabon,,266,GAB,GA,266,Country/Area,911,2023,167,154,137,114,101,97,99,93,79,63,48,36,27,19,13,8,4,2,1,0,0
4814,Estimates,Sao Tome and Principe,,678,STP,ST,678,Country/Area,911,2023,16,15,14,13,10,8,7,7,6,5,4,3,2,2,1,1,0,0,0,0,0
4888,Estimates,Northern Africa,,912,,,15,Subregion,903,2023,14 787,15 333,14 110,12 267,10 996,10 396,10 131,9 534,8 456,7 139,6 118,5 122,4 121,3 080,1 977,1 025,475,180,41,5,0
4962,Estimates,Algeria,,12,DZA,DZ,12,Country/Area,912,2023,2 426,2 552,2 242,1 772,1 448,1 638,1 836,1 909,1 787,1 469,1 240,1 026,787,596,418,212,124,53,14,2,0
5036,Estimates,Egypt,,818,EGY,EG,818,Country/Area,912,2023,6 036,6 790,6 192,5 351,4 898,4 489,4 410,4 156,3 598,3 054,2 583,2 146,1 680,1 186,718,361,129,42,8,1,0
5110,Estimates,Libya,,434,LBY,LY,434,Country/Area,912,2023,331,357,361,344,303,277,268,274,289,266,220,153,108,62,45,28,18,7,2,0,0
5184,Estimates,Morocco,,504,MAR,MA,504,Country/Area,912,2023,1 624,1 678,1 730,1 599,1 500,1 467,1 492,1 426,1 301,1 150,1 006,877,777,627,404,214,103,38,9,1,0
5258,Estimates,Sudan,,729,SDN,SD,729,Country/Area,912,2023,3 884,3 385,3 038,2 737,2 417,2 065,1 637,1 274,1 014,783,697,579,476,374,243,134,59,20,4,1,0
5332,Estimates,Tunisia,,788,TUN,TN,788,Country/Area,912,2023,462,547,525,443,409,436,460,462,434,392,350,326,281,226,143,74,41,18,4,0,0
5406,Estimates,Western Sahara,,732,ESH,EH,732,Country/Area,912,2023,23,24,22,21,22,24,29,33,32,25,20,15,11,8,5,3,1,0,0,0,0
5480,Estimates,Southern Africa,,913,,,18,Subregion,903,2023,3 519,3 155,3 171,3 082,3 031,3 203,3 204,2 961,2 483,1 874,1 500,1 223,1 036,766,486,235,131,65,30,8,2
5554,Estimates,Botswana,,72,BWA,BW,72,Country/Area,913,2023,148,132,124,124,123,125,113,87,66,51,43,34,24,19,13,7,3,1,0,0,0
5628,Estimates,Eswatini,,748,SWZ,SZ,748,Country/Area,913,2023,72,69,67,64,61,54,49,44,35,25,18,14,11,9,6,3,2,1,0,0,0
5702,Estimates,Lesotho,,426,LSO,LS,426,Country/Area,913,2023,134,140,132,119,108,101,100,87,62,41,29,23,19,14,8,5,3,1,0,0,0
5776,Estimates,Namibia,,516,NAM,NA,516,Country/Area,913,2023,205,186,159,139,132,125,115,93,77,64,49,36,27,18,11,6,3,1,0,0,0
5850,Estimates,South Africa,,710,ZAF,ZA,710,Country/Area,913,2023,2 960,2 629,2 689,2 634,2 607,2 799,2 828,2 651,2 242,1 693,1 361,1 116,954,707,448,214,120,61,29,8,2
5924,Estimates,Western Africa,,914,,,11,Subregion,903,2023,33 508,31 533,28 803,24 883,20 776,17 161,14 555,12 522,10 678,8 589,6 616,5 133,3 867,2 746,1 775,1 052,494,154,28,3,0
5998,Estimates,Benin,,204,BEN,BJ,204,Country/Area,914,2023,1 104,1 011,877,760,644,558,468,393,320,253,206,164,122,85,56,33,15,5,1,0,0
6072,Estimates,Burkina Faso,,854,BFA,BF,854,Country/Area,914,2023,1 702,1 703,1 552,1 315,1 075,886,745,639,525,397,294,225,167,114,67,42,17,4,0,0,0
6146,Estimates,Cabo Verde,,132,CPV,CV,132,Country/Area,914,2023,20,25,26,25,22,24,25,22,18,14,12,11,9,6,4,2,1,1,0,0,0
6220,Estimates,Côte d'Ivoire,,384,CIV,CI,384,Country/Area,914,2023,2 313,2 228,1 969,1 671,1 405,1 138,1 062,994,865,693,506,366,263,179,112,62,30,11,3,1,0
6294,Estimates,Gambia,,270,GMB,GM,270,Country/Area,914,2023,194,187,174,149,127,112,94,74,56,44,39,34,25,16,9,6,3,1,0,0,0
6368,Estimates,Ghana,,288,GHA,GH,288,Country/Area,914,2023,2 144,2 097,1 946,1 735,1 531,1 327,1 236,1 115,950,766,617,497,369,241,151,88,46,18,4,0,0
6442,Estimates,Guinea,,324,GIN,GN,324,Country/Area,914,2023,1 114,1 000,899,789,692,612,497,374,272,212,180,151,118,86,59,36,19,7,1,0,0
6516,Estimates,Guinea-Bissau,,624,GNB,GW,624,Country/Area,914,2023,151,143,134,118,102,88,75,65,53,42,31,21,15,11,8,4,2,1,0,0,0
6590,Estimates,Liberia,,430,LBR,LR,430,Country/Area,914,2023,392,369,352,314,258,206,173,155,133,107,83,66,51,36,23,14,7,2,0,0,0
6664,Estimates,Mali,,466,MLI,ML,466,Country/Area,914,2023,2 102,1 857,1 625,1 357,1 077,844,706,609,513,397,288,206,152,113,78,46,20,5,1,0,0
6738,Estimates,Mauritania,,478,MRT,MR,478,Country/Area,914,2023,405,364,326,270,217,181,150,125,101,83,69,55,43,31,21,12,6,2,1,0,0
6812,Estimates,Niger,,562,NER,NE,562,Country/Area,914,2023,2 370,2 073,1 801,1 503,1 212,949,745,608,507,407,326,264,205,147,94,47,19,5,1,0,0
6886,Estimates,Nigeria,,566,NGA,NG,566,Country/Area,914,2023,16 970,16 106,14 879,12 884,10 698,8 775,7 359,6 310,5 490,4 460,3 400,2 617,1 986,1 432,929,562,256,79,14,1,0
6960,Estimates,Saint Helena,4,654,SHN,SH,654,Country/Area,914,2023,0,0,0,0,0,0,0,0,0,0,0,0,0,0,0,0,0,0,0,0,0
7034,Estimates,Senegal,,686,SEN,SN,686,Country/Area,914,2023,1 264,1 210,1 154,1 035,884,754,608,513,430,349,275,229,173,132,90,53,34,8,1,0,0
7108,Estimates,Sierra Leone,,694,SLE,SL,694,Country/Area,914,2023,587,540,514,464,415,350,295,248,205,166,132,104,78,54,34,20,9,3,1,0,0
7182,Estimates,Togo,,768,TGO,TG,768,Country/Area,914,2023,677,622,574,493,418,359,318,276,238,200,158,121,90,64,41,22,9,2,0,0,0
7256,Estimates,Asia,,935,,,142,Region,1840,2023,174 302,196 293,200 400,191 614,187 963,187 821,195 258,186 949,165 999,150 477,150 035,131 860,98 736,84 000,60 400,35 450,20 116,9 345,2 793,455,42
7330,Estimates,Central Asia,,5500,,,143,Subregion,935,2023,4 829,4 370,3 862,3 141,2 859,3 189,3 381,3 097,2 487,2 123,1 853,1 636,1 379,921,531,225,131,60,14,2,0
7404,Estimates,Kazakhstan,,398,KAZ,KZ,398,Country/Area,5500,2023,1 089,1 020,957,770,608,672,801,777,650,568,502,459,414,297,175,70,43,21,5,1,0
7478,Estimates,Kyrgyzstan,,417,KGZ,KG,417,Country/Area,5500,2023,404,409,374,300,258,273,278,247,203,176,158,140,120,78,46,17,11,6,1,0,0
7552,Estimates,Tajikistan,,762,TJK,TJ,762,Country/Area,5500,2023,685,663,567,432,438,418,407,352,266,214,189,165,138,86,46,18,12,5,1,0,0
7626,Estimates,Turkmenistan,,795,TKM,TM,795,Country/Area,5500,2023,413,419,359,269,276,334,322,276,221,194,177,137,106,62,29,8,4,3,1,0,0
7700,Estimates,Uzbekistan,,860,UZB,UZ,860,Country/Area,5500,2023,2 237,1 859,1 606,1 370,1 280,1 493,1 573,1 445,1 146,972,827,735,601,397,236,112,62,26,6,1,0
7774,Estimates,Eastern Asia,,906,,,30,Subregion,935,2023,35 057,52 649,53 760,49 774,49 586,53 543,66 287,66 072,58 710,59 061,71 247,65 145,44 430,43 158,33 212,20 155,12 017,5 838,1 770,272,23
7848,Estimates,China,5,156,CHN,CN,156,Country/Area,906,2023,30 646,47 317,48 099,43 987,43 050,46 384,59 064,58 654,50 551,50 269,61 804,56 770,36 623,36 333,26 901,15 179,8 478,3 950,1 048,116,2
7922,Estimates,"China, Hong Kong SAR",6,344,HKG,HK,344,Country/Area,906,2023,115,137,152,141,147,204,227,226,232,228,238,258,293,264,200,122,78,57,27,8,2
7996,Estimates,"China, Macao SAR",7,446,MAC,MO,446,Country/Area,906,2023,15,20,17,14,19,25,33,33,24,22,21,19,22,20,13,7,3,2,1,0,0
8070,Estimates,"China, Taiwan Province of China",8,158,TWN,TW,158,Country/Area,906,2023,401,530,513,541,653,780,824,845,992,909,877,888,855,735,553,284,204,106,50,13,1
8144,Estimates,Dem. People's Republic of Korea,,408,PRK,KP,408,Country/Area,906,2023,879,863,831,850,941,1 006,992,922,845,857,1 088,947,713,544,314,269,143,46,7,1,0
8218,Estimates,Japan,,392,JPN,JP,392,Country/Area,906,2023,2 123,2 538,2 780,2 917,3 112,3 104,3 136,3 492,3 867,4 672,4 874,4 131,3 790,3 642,4 173,3 562,2 602,1 462,580,127,17
8292,Estimates,Mongolia,,496,MNG,MN,496,Country/Area,906,2023,180,210,186,129,111,123,142,141,116,102,85,69,53,31,16,10,6,2,1,0,0
8366,Estimates,Republic of Korea,,410,KOR,KR,410,Country/Area,906,2023,698,1 034,1 183,1 194,1 553,1 917,1 869,1 760,2 084,2 002,2 260,2 063,2 081,1 590,1 042,723,503,214,57,7,0
8440,Estimates,Southern Asia,,5501,,,34,Subregion,935,2023,93 101,95 379,98 376,97 059,94 610,88 967,83 659,78 131,68 508,58 082,49 647,41 784,34 470,26 626,18 021,10 187,5 379,2 305,676,121,11
8514,Estimates,Afghanistan,,4,AFG,AF,4,Country/Area,5501,2023,3 401,3 053,2 710,2 398,2 122,1 750,1 356,1 035,829,679,525,381,268,186,119,70,31,10,2,0,0
8588,Estimates,Bangladesh,,50,BGD,BD,50,Country/Area,5501,2023,8 451,8 090,8 594,8 536,7 295,6 805,5 964,6 051,5 428,4 357,3 683,3 162,2 651,2 135,1 442,949,505,202,53,6,0
8662,Estimates,Bhutan,,64,BTN,BT,64,Country/Area,5501,2023,25,29,34,36,38,42,46,40,33,25,20,16,12,10,7,4,2,1,0,0,0
8736,Estimates,India,,356,IND,IN,356,Country/Area,5501,2023,59 504,62 466,65 912,67 200,67 983,64 763,61 296,57 105,50 308,43 442,37 281,31 458,25 885,20 034,13 484,7 353,3 952,1 782,558,108,11
8810,Estimates,Iran (Islamic Republic of),,364,IRN,IR,364,Country/Area,5501,2023,3 181,3 907,3 549,3 176,2 964,3 232,4 220,4 653,4 047,3 115,2 664,2 099,1 774,1 372,1 079,601,302,107,20,2,0
8884,Estimates,Maldives,,462,MDV,MV,462,Country/Area,5501,2023,16,19,21,16,22,43,50,44,31,20,14,10,8,5,3,2,1,1,0,0,0
8958,Estimates,Nepal,,524,NPL,NP,524,Country/Area,5501,2023,1 432,1 474,1 490,1 507,1 418,1 234,992,853,777,688,615,496,437,353,257,156,74,23,4,0,0
9032,Estimates,Pakistan,,586,PAK,PK,586,Country/Area,5501,2023,16 257,15 469,15 157,13 279,11 917,10 270,8 965,7 604,6 257,5 053,4 204,3 568,2 903,2 095,1 301,850,414,140,27,2,0
9106,Estimates,Sri Lanka,,144,LKA,LK,144,Country/Area,5501,2023,835,873,909,912,852,828,770,747,798,703,641,595,533,436,330,203,97,40,12,2,0
9180,Estimates,South-Eastern Asia,,920,,,35,Subregion,935,2023,26 781,29 160,29 935,28 551,27 624,27 817,27 662,26 443,24 793,21 891,19 850,17 122,13 854,9 984,6 353,3 542,1 875,821,242,46,6
9254,Estimates,Brunei Darussalam,,96,BRN,BN,96,Country/Area,920,2023,16,17,17,17,19,23,23,23,21,18,15,12,9,6,4,2,1,0,0,0,0
9328,Estimates,Cambodia,,116,KHM,KH,116,Country/Area,920,2023,929,899,851,817,686,658,706,659,592,383,363,325,263,172,116,67,33,12,3,0,0
9402,Estimates,Indonesia,,360,IDN,ID,360,Country/Area,920,2023,11 477,12 024,12 478,11 837,11 248,11 224,10 766,10 642,10 429,9 455,8 453,7 135,5 534,3 843,2 315,1 358,713,262,55,6,0
9476,Estimates,Lao People's Democratic Republic,,418,LAO,LA,418,Country/Area,920,2023,407,404,384,371,364,344,322,286,235,191,157,128,101,72,45,25,12,5,1,0,0
9550,Estimates,Malaysia,9,458,MYS,MY,458,Country/Area,920,2023,1 167,1 434,1 442,1 488,1 633,1 706,1 725,1 638,1 430,1 116,918,780,673,512,363,205,108,51,16,4,1
9624,Estimates,Myanmar,,104,MMR,MM,104,Country/Area,920,2023,2 279,2 291,2 242,2 264,2 295,2 227,2 133,2 094,1 933,1 721,1 525,1 292,1 022,751,480,244,114,40,8,1,0
9698,Estimates,Philippines,,608,PHL,PH,608,Country/Area,920,2023,4 942,5 824,5 986,5 644,5 406,5 096,4 695,4 030,3 575,3 014,2 642,2 199,1 756,1 240,755,326,126,44,9,1,0
9772,Estimates,Singapore,,702,SGP,SG,702,Country/Area,920,2023,116,115,118,202,307,330,304,245,214,191,176,167,158,132,98,58,34,17,7,2,0
9846,Estimates,Thailand,,764,THA,TH,764,Country/Area,920,2023,1 598,1 871,2 100,2 233,2 397,2 611,2 563,2 525,2 652,2 571,2 608,2 461,2 173,1 709,1 230,773,474,264,105,28,4
9920,Estimates,Timor-Leste,,626,TLS,TL,626,Country/Area,920,2023,80,84,77,80,72,59,49,43,30,27,27,20,15,11,10,8,4,1,0,0,0
9994,Estimates,Viet Nam,,704,VNM,VN,704,Country/Area,920,2023,3 769,4 197,4 241,3 599,3 199,3 538,4 376,4 258,3 682,3 204,2 967,2 601,2 150,1 535,937,477,255,125,38,5,0
10068,Estimates,Western Asia,,922,,,145,Subregion,935,2023,14 534,14 735,14 467,13 090,13 283,14 304,14 269,13 206,11 501,9 320,7 439,6 174,4 603,3 310,2 283,1 340,714,322,92,14,1
10142,Estimates,Armenia,,51,ARM,AM,51,Country/Area,922,2023,92,102,105,93,88,97,120,114,99,80,73,77,84,63,40,18,13,7,2,0,0
10216,Estimates,Azerbaijan,10,31,AZE,AZ,31,Country/Area,922,2023,357,410,447,386,330,388,464,436,371,300,285,280,262,169,95,36,24,13,3,0,0
10290,Estimates,Bahrain,,48,BHR,BH,48,Country/Area,922,2023,48,54,50,44,67,92,132,148,114,79,56,37,24,15,7,4,3,1,0,0,0
10364,Estimates,Cyprus,11,196,CYP,CY,196,Country/Area,922,2023,38,37,36,34,38,49,65,69,59,47,42,38,36,30,24,17,11,5,2,0,0
10438,Estimates,Georgia,12,268,GEO,GE,268,Country/Area,922,2023,125,150,138,114,109,116,137,138,122,111,105,100,103,81,59,31,21,10,2,0,0
10512,Estimates,Iraq,,368,IRQ,IQ,368,Country/Area,922,2023,2 851,2 896,2 822,2 384,2 137,1 908,1 651,1 358,1 164,1 005,821,613,379,263,190,104,49,16,3,0,0
10586,Estimates,Israel,,376,ISR,IL,376,Country/Area,922,2023,449,447,416,375,352,322,304,290,275,264,231,193,175,160,143,101,54,35,15,5,1
10660,Estimates,Jordan,,400,JOR,JO,400,Country/Area,922,2023,595,607,616,555,499,523,492,426,364,318,284,226,157,104,69,39,20,7,1,0,0
10734,Estimates,Kuwait,,414,KWT,KW,414,Country/Area,922,2023,135,161,164,139,124,294,337,411,386,290,218,146,78,40,19,9,5,2,1,0,0
10808,Estimates,Lebanon,,422,LBN,LB,422,Country/Area,922,2023,233,270,289,269,247,197,158,167,163,147,151,146,120,94,74,44,22,11,3,0,0
10882,Estimates,Oman,,512,OMN,OM,512,Country/Area,922,2023,218,239,192,143,251,377,445,435,316,200,129,78,47,25,18,11,6,3,1,0,0
10956,Estimates,Qatar,,634,QAT,QA,634,Country/Area,922,2023,79,82,71,59,117,288,368,364,278,178,118,65,36,16,7,3,1,1,0,0,0
11030,Estimates,Saudi Arabia,,682,SAU,SA,682,Country/Area,922,2023,1 333,1 408,1 348,1 212,1 453,2 239,2 665,2 503,1 974,1 371,993,711,448,231,133,86,43,17,5,1,0
11104,Estimates,State of Palestine,13,275,PSE,PS,275,Country/Area,922,2023,368,363,325,274,238,224,208,165,127,100,81,68,53,39,27,17,8,3,1,0,0
11178,Estimates,Syrian Arab Republic,,760,SYR,SY,760,Country/Area,922,2023,1 162,1 052,1 450,1 441,1 376,1 050,755,696,632,558,468,379,287,208,138,87,40,14,3,0,0
11252,Estimates,Türkiye,,792,TUR,TR,792,Country/Area,922,2023,2 933,3 385,3 390,3 209,3 479,3 501,3 336,3 280,3 376,3 049,2 497,2 382,1 916,1 543,1 096,640,349,163,48,6,0
11326,Estimates,United Arab Emirates,,784,ARE,AE,784,Country/Area,922,2023,292,310,280,270,558,999,1 131,957,707,504,346,236,121,47,31,12,7,2,0,0,0
11400,Estimates,Yemen,,887,YEM,YE,887,Country/Area,922,2023,3 227,2 761,2 330,2 088,1 818,1 640,1 500,1 249,974,721,542,397,276,183,116,79,38,13,2,0,0
11474,Estimates,Europe,,908,,,150,Region,1840,2023,17 686,20 468,21 191,20 298,20 123,21 563,25 072,26 644,26 193,25 530,25 262,24 691,23 457,19 983,16 383,11 377,7 796,4 454,1 602,316,26
11548,Estimates,Eastern Europe,,923,,,151,Subregion,908,2023,6 891,8 545,8 622,7 674,7 074,7 808,10 464,12 020,11 076,10 245,9 129,8 247,8 480,7 233,5 366,2 743,1 766,973,321,65,5
11622,Estimates,Belarus,,112,BLR,BY,112,Country/Area,923,2023,205,291,286,239,224,247,344,386,344,306,284,277,292,224,152,72,45,23,6,1,0
11696,Estimates,Bulgaria,,100,BGR,BG,100,Country/Area,923,2023,158,170,179,171,163,164,223,248,255,277,257,222,214,195,167,117,65,32,10,1,0
11770,Estimates,Czechia,,203,CZE,CZ,203,Country/Area,923,2023,280,292,295,289,275,300,370,380,413,477,385,343,293,301,271,200,104,44,16,2,0
11844,Estimates,Hungary,,348,HUN,HU,348,Country/Area,923,2023,238,243,240,255,259,300,330,318,358,429,355,293,254,277,214,143,86,37,15,3,0
11918,Estimates,Poland,,616,POL,PL,616,Country/Area,923,2023,911,1 010,1 083,993,962,1 165,1 389,1 614,1 650,1 481,1 224,1 088,1 162,1 143,902,498,269,166,60,12,1
11992,Estimates,Republic of Moldova,14,498,MDA,MD,498,Country/Area,923,2023,92,116,105,89,74,83,111,126,102,91,83,80,91,74,56,20,12,5,1,0,0
12066,Estimates,Romania,,642,ROU,RO,642,Country/Area,923,2023,488,524,540,553,511,515,610,673,697,769,779,610,490,531,432,254,161,89,29,5,0
12140,Estimates,Russian Federation,,643,RUS,RU,643,Country/Area,923,2023,3 701,4 778,4 601,3 947,3 617,3 851,5 492,6 391,5 520,4 895,4 369,3 940,4 277,3 400,2 387,1 059,731,414,135,30,2
12214,Estimates,Slovakia,,703,SVK,SK,703,Country/Area,923,2023,145,152,153,141,139,161,199,219,231,231,187,171,164,155,119,68,37,16,6,1,0
12288,Estimates,Ukraine,15,804,UKR,UA,804,Country/Area,923,2023,672,969,1 140,997,850,1 021,1 397,1 666,1 505,1 289,1 206,1 223,1 242,933,666,313,255,146,44,10,1
12362,Estimates,Northern Europe,,924,,,154,Subregion,908,2023,2 870,3 238,3 387,3 223,3 234,3 563,3 758,3 607,3 521,3 370,3 534,3 444,3 136,2 744,2 438,2 096,1 247,696,260,53,5
12436,Estimates,Denmark,16,208,DNK,DK,208,Country/Area,924,2023,159,159,167,178,189,208,203,179,172,190,196,210,181,160,143,135,78,37,12,2,0
12510,Estimates,Estonia,,233,EST,EE,233,Country/Area,924,2023,34,38,40,38,33,36,50,54,50,48,46,40,40,35,27,17,13,7,2,0,0
12584,Estimates,Faroe Islands,17,234,FRO,FO,234,Country/Area,924,2023,2,2,2,2,2,2,2,2,2,2,2,2,2,1,1,1,1,0,0,0,0
12658,Estimates,Finland,18,246,FIN,FI,246,Country/Area,924,2023,121,144,162,159,157,174,191,188,186,176,164,183,178,170,161,130,71,37,13,2,0
12732,Estimates,Guernsey,19,831,GGY,GG,831,Country/Area,924,2023,1,2,2,2,2,2,2,2,2,2,2,2,2,2,2,1,1,0,0,0,0
12806,Estimates,Iceland,,352,ISL,IS,352,Country/Area,924,2023,12,11,13,12,13,16,18,15,14,12,12,11,11,9,8,6,3,2,1,0,0
12880,Estimates,Ireland,,372,IRL,IE,372,Country/Area,924,2023,150,168,187,177,168,156,156,171,201,191,174,154,139,121,101,78,46,24,9,2,0
12954,Estimates,Isle of Man,19,833,IMN,IM,833,Country/Area,924,2023,2,2,2,2,2,2,2,2,3,3,3,3,3,3,2,2,1,1,0,0,0
13028,Estimates,Jersey,19,832,JEY,JE,832,Country/Area,924,2023,2,3,3,3,3,3,3,4,4,4,4,4,4,3,2,2,1,1,0,0,0
13102,Estimates,Latvia,,428,LVA,LV,428,Country/Area,924,2023,45,56,51,51,45,46,66,71,63,62,62,58,59,48,36,23,18,9,3,1,0
13176,Estimates,Lithuania,,440,LTU,LT,440,Country/Area,924,2023,66,78,75,70,81,95,111,107,93,92,97,93,93,69,50,32,25,13,5,1,0
13250,Estimates,Norway,20,578,NOR,NO,578,Country/Area,924,2023,142,157,169,169,173,190,202,192,184,182,194,184,161,144,126,108,59,29,11,2,0
13324,Estimates,Sweden,,752,SWE,SE,752,Country/Area,924,2023,291,320,326,313,310,337,401,363,334,331,335,346,293,270,254,241,146,72,26,5,0
13398,Estimates,United Kingdom,21,826,GBR,GB,826,Country/Area,924,2023,1 843,2 100,2 189,2 045,2 056,2 294,2 349,2 257,2 214,2 077,2 242,2 153,1 971,1 710,1 525,1 322,784,464,177,37,3
13472,Estimates,Southern Europe,,925,,,39,Subregion,908,2023,2 967,3 432,3 847,3 987,4 074,4 180,4 434,4 623,5 284,5 855,5 795,5 664,5 070,4 337,3 719,2 915,2 011,1 206,467,90,8
13546,Estimates,Albania,,8,ALB,AL,8,Country/Area,925,2023,75,87,88,90,103,117,118,99,76,71,79,84,89,75,56,38,27,14,4,1,0
13620,Estimates,Andorra,,20,AND,AD,20,Country/Area,925,2023,1,2,2,2,2,3,3,3,3,4,4,3,3,2,2,1,1,0,0,0,0
13694,Estimates,Bosnia and Herzegovina,,70,BIH,BA,70,Country/Area,925,2023,67,71,79,86,89,87,91,107,121,121,103,112,118,103,75,41,26,13,3,0,0
13768,Estimates,Croatia,,191,HRV,HR,191,Country/Area,925,2023,87,91,105,104,103,110,111,126,139,136,131,137,136,129,101,62,43,22,6,1,0
13842,Estimates,Gibraltar,19,292,GIB,GI,292,Country/Area,925,2023,1,1,1,1,1,1,1,1,1,1,1,1,1,1,1,1,0,0,0,0,0
13916,Estimates,Greece,,300,GRC,GR,300,Country/Area,925,2023,205,239,271,272,274,273,277,298,375,383,380,354,317,288,253,209,146,97,40,8,1
13990,Estimates,Holy See,,336,VAT,VA,336,Country/Area,925,2023,0,0,0,0,0,0,0,0,0,0,0,0,0,0,0,0,0,0,0,0,0
14064,Estimates,Italy,,380,ITA,IT,380,Country/Area,925,2023,1 063,1 242,1 410,1 491,1 566,1 617,1 710,1 697,1 900,2 223,2 363,2 368,2 076,1 744,1 555,1 281,950,555,208,40,3
14138,Estimates,Kosovo (under UNSC res. 1244),22,412,XKX,XK,412,Country/Area,925,2023,53,61,74,72,76,66,67,62,56,52,47,42,36,28,19,13,7,3,1,0,0
14212,Estimates,Malta,,470,MLT,MT,470,Country/Area,925,2023,12,13,12,12,14,22,27,26,23,20,17,15,16,15,13,11,5,3,1,0,0
14286,Estimates,Montenegro,,499,MNE,ME,499,Country/Area,925,2023,19,20,21,20,20,20,19,22,22,20,19,19,19,18,13,7,5,2,1,0,0
14360,Estimates,North Macedonia,,807,MKD,MK,807,Country/Area,925,2023,49,55,55,52,54,58,61,63,64,62,60,61,59,54,40,23,13,5,1,0,0
14434,Estimates,Portugal,,620,PRT,PT,620,Country/Area,925,2023,219,223,247,266,287,279,283,298,345,390,367,352,337,309,280,219,145,84,31,6,1
14508,Estimates,San Marino,,674,SMR,SM,674,Country/Area,925,2023,1,1,1,1,1,1,1,1,1,1,1,2,1,1,1,1,0,0,0,0,0
14582,Estimates,Serbia,23,688,SRB,RS,688,Country/Area,925,2023,160,165,165,171,176,193,205,226,237,238,222,214,217,222,194,105,65,33,9,1,0
14656,Estimates,Slovenia,,705,SVN,SI,705,Country/Area,925,2023,49,54,58,52,52,61,68,77,85,84,77,77,72,67,56,34,24,12,4,1,0
14730,Estimates,Spain,24,724,ESP,ES,724,Country/Area,925,2023,906,1 106,1 258,1 297,1 256,1 271,1 393,1 518,1 834,2 049,1 924,1 822,1 574,1 281,1 059,869,554,363,157,31,3
14804,Estimates,Western Europe,,926,,,155,Subregion,908,2023,4 958,5 253,5 334,5 414,5 740,6 014,6 417,6 394,6 312,6 060,6 803,7 336,6 771,5 669,4 861,3 623,2 772,1 579,554,108,9
14878,Estimates,Austria,,40,AUT,AT,40,Country/Area,926,2023,218,231,222,225,245,295,324,317,309,291,330,359,321,247,193,151,134,55,22,4,0
14952,Estimates,Belgium,,56,BEL,BE,56,Country/Area,926,2023,298,327,351,342,339,359,387,376,385,374,397,405,382,326,270,209,126,82,33,6,1
15026,Estimates,France,25,250,FRA,FR,250,Country/Area,926,2023,1 738,1 902,2 068,2 106,2 063,1 902,1 914,1 944,2 037,2 057,2 152,2 080,1 986,1 817,1 675,1 253,751,494,213,45,4
15100,Estimates,Germany,,276,DEU,DE,276,Country/Area,926,2023,2 007,2 078,1 957,1 980,2 235,2 545,2 824,2 828,2 695,2 484,2 945,3 480,3 162,2 515,2 068,1 461,1 432,779,227,41,3
15174,Estimates,Liechtenstein,,438,LIE,LI,438,Country/Area,926,2023,1,1,1,1,1,1,1,1,1,1,2,2,1,1,1,1,0,0,0,0,0
15248,Estimates,Luxembourg,,442,LUX,LU,442,Country/Area,926,2023,17,18,18,18,20,26,28,26,26,24,24,24,20,15,12,9,6,3,1,0,0
15322,Estimates,Monaco,,492,MCO,MC,492,Country/Area,926,2023,1,1,1,1,1,1,1,1,1,1,1,1,1,1,1,1,1,1,1,0,0
15396,Estimates,Netherlands,26,528,NLD,NL,528,Country/Area,926,2023,456,463,488,521,600,611,621,578,542,527,634,647,605,517,450,371,211,105,35,6,0
15470,Estimates,Switzerland,,756,CHE,CH,756,Country/Area,926,2023,223,232,229,221,236,274,316,322,317,301,319,338,292,230,191,166,110,61,23,5,0
15545,Estimates,Latin America and the Caribbean,,904,,,419,Region,1840,2023,24 239,25 962,26 645,26 786,27 006,26 526,25 592,24 215,22 318,20 037,17 893,15 928,13 504,10 481,7 599,4 922,2 845,1 302,432,93,12
15619,Estimates,Caribbean,,915,,,29,Subregion,904,2023,1 645,1 721,1 771,1 725,1 748,1 691,1 681,1 541,1 353,1 305,1 299,1 211,1 001,748,561,390,231,111,42,11,2
15693,Estimates,Anguilla,19,660,AIA,AI,660,Country/Area,915,2023,0,0,1,1,1,0,0,1,1,1,1,1,0,0,0,0,0,0,0,0,0
15767,Estimates,Antigua and Barbuda,,28,ATG,AG,28,Country/Area,915,2023,3,3,3,3,3,4,3,3,3,3,3,3,2,2,1,1,0,0,0,0,0
15841,Estimates,Aruba,28,533,ABW,AW,533,Country/Area,915,2023,3,3,4,4,3,3,3,3,3,3,4,4,4,3,2,1,1,0,0,0,0
15915,Estimates,Bahamas,,44,BHS,BS,44,Country/Area,915,2023,11,12,14,14,14,16,16,14,13,13,13,12,9,7,5,4,3,1,0,0,0
15989,Estimates,Barbados,,52,BRB,BB,52,Country/Area,915,2023,8,8,9,9,10,9,9,9,9,9,9,9,9,7,5,4,2,1,0,0,0
16063,Estimates,"Bonaire, Sint Eustatius and Saba",28,535,BES,BQ,535,Country/Area,915,2023,1,1,1,1,1,1,1,1,1,1,1,1,1,1,1,0,0,0,0,0,0
16137,Estimates,British Virgin Islands,19,92,VGB,VG,92,Country/Area,915,2023,1,1,1,1,1,1,1,2,2,2,1,1,1,1,0,0,0,0,0,0,0
16211,Estimates,Cayman Islands,19,136,CYM,KY,136,Country/Area,915,2023,2,2,2,2,2,3,3,4,4,3,3,3,2,1,1,0,0,0,0,0,0
16285,Estimates,Cuba,,192,CUB,CU,192,Country/Area,915,2023,261,302,319,301,346,342,399,384,311,377,473,470,359,249,208,157,102,50,21,6,1
16359,Estimates,Curaçao,28,531,CUW,CW,531,Country/Area,915,2023,4,5,6,5,7,9,8,6,5,5,6,6,5,4,3,2,1,0,0,0,0
16433,Estimates,Dominica,,212,DMA,DM,212,Country/Area,915,2023,2,2,2,2,2,3,3,3,2,2,2,2,2,2,1,1,0,0,0,0,0
16507,Estimates,Dominican Republic,,214,DOM,DO,214,Country/Area,915,2023,511,520,523,495,492,469,444,394,356,321,280,246,209,159,103,59,31,15,5,1,0
16581,Estimates,Grenada,,308,GRD,GD,308,Country/Area,915,2023,4,4,4,4,4,5,5,5,4,3,3,3,3,2,2,1,1,0,0,0,0
16655,Estimates,Guadeloupe,2,312,GLP,GP,312,Country/Area,915,2023,10,10,12,13,10,7,8,7,8,10,12,13,14,12,10,7,4,2,1,0,0
16729,Estimates,Haiti,,332,HTI,HT,332,Country/Area,915,2023,624,619,609,580,547,508,469,404,339,282,227,183,141,102,66,38,18,5,1,0,0
16803,Estimates,Jamaica,,388,JAM,JM,388,Country/Area,915,2023,84,90,102,116,122,135,131,119,106,92,80,71,59,41,25,18,9,3,1,0,0
16877,Estimates,Martinique,2,474,MTQ,MQ,474,Country/Area,915,2023,8,9,10,10,8,6,7,7,7,8,12,13,14,12,9,7,4,3,1,0,0
16951,Estimates,Montserrat,19,500,MSR,MS,500,Country/Area,915,2023,0,0,0,0,0,0,0,0,0,0,0,0,0,0,0,0,0,0,0,0,0
17025,Estimates,Puerto Rico,29,630,PRI,PR,630,Country/Area,915,2023,50,66,84,97,107,99,90,87,95,100,104,106,104,97,85,71,45,25,10,3,1
17099,Estimates,Saint Barthélemy,2,652,BLM,BL,652,Country/Area,915,2023,0,0,0,0,0,0,0,0,0,0,0,0,0,0,0,0,0,0,0,0,0
17173,Estimates,Saint Kitts and Nevis,,659,KNA,KN,659,Country/Area,915,2023,1,1,1,1,2,2,2,2,2,2,1,1,1,1,1,0,0,0,0,0,0
17247,Estimates,Saint Lucia,,662,LCA,LC,662,Country/Area,915,2023,5,5,6,6,7,8,8,7,7,6,6,5,4,3,2,1,1,0,0,0,0
17321,Estimates,Saint Martin (French part),2,663,MAF,MF,663,Country/Area,915,2023,1,1,1,1,1,1,1,1,1,1,1,1,1,1,1,0,0,0,0,0,0
17395,Estimates,Saint Vincent and the Grenadines,,670,VCT,VC,670,Country/Area,915,2023,3,4,4,4,4,4,3,3,3,3,3,3,3,2,1,1,1,0,0,0,0
17469,Estimates,Sint Maarten (Dutch part),28,534,SXM,SX,534,Country/Area,915,2023,1,1,1,1,1,1,1,1,1,2,2,2,2,1,1,1,0,0,0,0,0
17543,Estimates,Trinidad and Tobago,,780,TTO,TT,780,Country/Area,915,2023,43,47,48,48,49,52,59,68,64,53,46,45,44,33,24,13,5,2,0,0,0
17617,Estimates,Turks and Caicos Islands,19,796,TCA,TC,796,Country/Area,915,2023,1,1,1,1,1,2,2,2,2,2,2,2,1,1,1,0,0,0,0,0,0
17691,Estimates,United States Virgin Islands,29,850,VIR,VI,850,Country/Area,915,2023,2,2,3,3,2,2,2,2,2,3,3,3,3,3,2,2,1,0,0,0,0
17765,Estimates,Central America,,916,,,13,Subregion,904,2023,7 719,8 056,8 283,8 168,8 042,7 611,7 091,6 249,5 466,4 873,4 342,3 678,2 974,2 263,1 623,1 071,641,307,105,24,3
17839,Estimates,Belize,,84,BLZ,BZ,84,Country/Area,916,2023,18,20,19,20,21,20,18,16,13,11,9,8,6,4,3,2,1,0,0,0,0
17913,Estimates,Costa Rica,,188,CRI,CR,188,Country/Area,916,2023,145,176,183,184,196,204,209,207,183,157,143,140,126,97,72,50,30,15,5,1,0
17987,Estimates,El Salvador,,222,SLV,SV,222,Country/Area,916,2023,254,274,290,290,320,317,254,181,157,142,126,108,87,70,55,39,22,9,2,0,0
18061,Estimates,Guatemala,,320,GTM,GT,320,Country/Area,916,2023,955,1 020,981,956,926,847,740,612,493,376,287,227,183,152,109,70,38,14,3,0,0
18135,Estimates,Honduras,,340,HND,HN,340,Country/Area,916,2023,582,559,548,544,537,494,437,383,333,268,201,151,118,90,61,32,14,5,1,0,0
18209,Estimates,Mexico,,484,MEX,MX,484,Country/Area,916,2023,5 247,5 470,5 730,5 661,5 549,5 252,4 984,4 449,3 933,3 607,3 306,2 823,2 284,1 722,1 229,820,501,249,89,21,3
18283,Estimates,Nicaragua,,558,NIC,NI,558,Country/Area,916,2023,334,339,339,327,313,304,282,242,207,177,145,112,83,61,44,26,15,5,1,0,0
18357,Estimates,Panama,,591,PAN,PA,591,Country/Area,916,2023,185,199,194,186,180,174,167,160,146,135,125,108,87,67,49,33,20,10,3,1,0
18431,Estimates,South America,,931,,,5,Subregion,904,2023,14 875,16 185,16 591,16 893,17 216,17 223,16 820,16 425,15 499,13 859,12 252,11 040,9 529,7 470,5 415,3 461,1 973,885,286,58,7
18505,Estimates,Argentina,,32,ARG,AR,32,Country/Area,931,2023,1 409,1 883,1 896,1 805,1 775,1 786,1 748,1 640,1 597,1 465,1 219,1 063,970,820,641,446,257,123,43,10,2
18579,Estimates,Bolivia (Plurinational State of),,68,BOL,BO,68,Country/Area,931,2023,637,625,616,593,565,537,498,432,369,315,265,215,167,121,82,55,28,12,4,1,0
18653,Estimates,Brazil,,76,BRA,BR,76,Country/Area,931,2023,6 817,7 291,7 363,7 672,8 124,8 230,8 108,8 359,8 061,7 113,6 253,5 697,4 965,3 851,2 753,1 700,976,422,132,25,3
18727,Estimates,Chile,,152,CHL,CL,152,Country/Area,931,2023,499,610,631,616,690,794,834,774,704,662,632,584,513,426,331,216,131,76,35,10,1
18801,Estimates,Colombia,,170,COL,CO,170,Country/Area,931,2023,1 813,1 792,1 895,2 054,2 225,2 305,2 194,1 977,1 806,1 589,1 453,1 375,1 168,883,614,383,195,74,19,3,0
18875,Estimates,Ecuador,,218,ECU,EC,218,Country/Area,931,2023,717,756,822,801,794,778,732,668,595,517,448,377,307,243,185,120,68,28,8,1,0
18949,Estimates,Falkland Islands (Malvinas),30,238,FLK,FK,238,Country/Area,931,2023,0,0,0,0,0,0,0,0,0,0,0,0,0,0,0,0,0,0,0,0,0
19023,Estimates,French Guiana,2,254,GUF,GF,254,Country/Area,931,2023,17,15,15,15,11,9,9,9,9,8,7,6,6,4,3,2,1,0,0,0,0
19097,Estimates,Guyana,,328,GUY,GY,328,Country/Area,931,2023,42,41,39,36,38,37,29,22,21,21,20,17,14,10,6,4,2,1,0,0,0
19171,Estimates,Paraguay,,600,PRY,PY,600,Country/Area,931,2023,347,343,316,297,299,303,290,261,214,172,152,136,106,77,54,35,18,7,2,0,0
19245,Estimates,Peru,,604,PER,PE,604,Country/Area,931,2023,1 371,1 384,1 440,1 463,1 392,1 362,1 335,1 251,1 117,1 029,913,754,614,491,377,259,163,85,28,5,1
19319,Estimates,Suriname,,740,SUR,SR,740,Country/Area,931,2023,27,28,28,28,28,25,22,23,21,18,18,16,13,8,5,3,2,1,0,0,0
19393,Estimates,Uruguay,,858,URY,UY,858,Country/Area,931,2023,90,116,118,121,125,129,124,114,106,112,99,94,85,70,53,39,26,15,5,1,0
19467,Estimates,Venezuela (Bolivarian Republic of),,862,VEN,VE,862,Country/Area,931,2023,1 089,1 301,1 409,1 392,1 151,930,895,895,879,836,774,705,601,466,311,200,107,40,8,0,0
19541,Estimates,Northern America,,905,,,21,Region,1840,2023,10 502,11 467,12 123,12 740,12 829,13 183,14 113,13 579,13 031,11 777,11 907,11 921,12 086,10 493,8 245,5 982,3 446,1 824,737,166,18
19615,Estimates,Bermuda,19,60,BMU,BM,60,Country/Area,905,2023,1,2,2,2,2,2,2,2,2,2,3,3,3,2,2,1,1,0,0,0,0
19689,Estimates,Canada,,124,CAN,CA,124,Country/Area,905,2023,963,1 037,1 078,1 085,1 264,1 422,1 444,1 387,1 314,1 211,1 207,1 278,1 315,1 151,916,684,412,226,97,22,2
19763,Estimates,Greenland,17,304,GRL,GL,304,Country/Area,905,2023,2,2,2,2,2,2,2,2,2,2,2,3,2,1,1,0,0,0,0,0,0
19837,Estimates,Saint Pierre and Miquelon,2,666,SPM,PM,666,Country/Area,905,2023,0,0,0,0,0,0,0,0,0,0,0,0,0,0,0,0,0,0,0,0,0
19911,Estimates,United States of America,31,840,USA,US,840,Country/Area,905,2023,9 535,10 426,11 042,11 652,11 561,11 758,12 665,12 187,11 713,10 562,10 695,10 638,10 766,9 338,7 326,5 296,3 033,1 597,639,143,15
19985,Estimates,Oceania,,909,,,9,Region,1840,2023,1 761,1 784,1 780,1 686,1 648,1 714,1 706,1 606,1 449,1 311,1 295,1 163,1 080,903,747,574,344,181,73,17,1
20059,Estimates,Australia/New Zealand,,927,,,53,Subregion,909,2023,937,984,1 018,980,1 001,1 126,1 170,1 134,1 043,958,993,910,886,772,667,529,323,173,71,16,1
20133,Estimates,Australia,32,36,AUS,AU,36,Country/Area,927,2023,784,822,845,813,832,943,972,958,882,806,830,755,735,644,559,447,272,148,60,14,1
20207,Estimates,New Zealand,33,554,NZL,NZ,554,Country/Area,927,2023,153,162,173,166,168,183,198,176,161,153,164,155,151,128,108,82,51,26,10,2,0
20281,Estimates,Melanesia,,928,,,54,Subregion,909,2023,765,737,700,652,599,546,497,435,372,319,268,221,169,111,67,37,17,6,1,0,0
20355,Estimates,Fiji,,242,FJI,FJ,242,Country/Area,928,2023,43,44,42,40,37,37,36,35,32,26,23,21,17,12,7,4,2,1,0,0,0
20429,Estimates,New Caledonia,2,540,NCL,NC,540,Country/Area,928,2023,11,10,11,11,10,10,11,11,10,9,10,8,7,5,4,3,2,1,0,0,0
20503,Estimates,Papua New Guinea,,598,PNG,PG,598,Country/Area,928,2023,635,609,579,543,502,457,412,354,299,257,213,175,133,86,50,27,12,4,1,0,0
20577,Estimates,Solomon Islands,,90,SLB,SB,90,Country/Area,928,2023,54,52,48,42,37,31,27,26,22,20,16,11,8,6,4,2,1,1,0,0,0
20651,Estimates,Vanuatu,,548,VUT,VU,548,Country/Area,928,2023,23,22,19,16,13,12,11,10,8,7,6,5,4,3,2,1,1,0,0,0,0
20725,Estimates,Micronesia,,954,,,57,Subregion,909,2023,27,27,26,23,21,20,18,16,15,14,13,13,11,8,5,3,1,1,0,0,0
20799,Estimates,Guam,29,316,GUM,GU,316,Country/Area,954,2023,8,8,7,6,6,6,6,5,5,5,5,5,5,4,3,2,1,0,0,0,0
20873,Estimates,Kiribati,,296,KIR,KI,296,Country/Area,954,2023,8,8,7,6,6,6,5,4,4,3,2,2,2,1,1,0,0,0,0,0,0
20947,Estimates,Marshall Islands,,584,MHL,MH,584,Country/Area,954,2023,2,2,3,2,2,1,1,1,1,1,1,1,1,0,0,0,0,0,0,0,0
21021,Estimates,Micronesia (Fed. States of),,583,FSM,FM,583,Country/Area,954,2023,6,6,6,6,6,5,4,3,3,2,2,2,2,1,1,0,0,0,0,0,0
21095,Estimates,Nauru,,520,NRU,NR,520,Country/Area,954,2023,1,1,1,1,0,0,1,0,0,0,0,0,0,0,0,0,0,0,0,0,0
21169,Estimates,Northern Mariana Islands,29,580,MNP,MP,580,Country/Area,954,2023,2,2,2,2,1,1,1,1,2,2,2,2,2,1,1,0,0,0,0,0,0
21243,Estimates,Palau,,585,PLW,PW,585,Country/Area,954,2023,1,1,1,1,0,1,1,1,1,1,1,1,1,0,0,0,0,0,0,0,0
21317,Estimates,Polynesia,34,957,,,61,Subregion,909,2023,32,35,36,32,26,21,21,21,20,20,20,18,15,11,7,5,3,1,0,0,0
21391,Estimates,American Samoa,29,16,ASM,AS,16,Country/Area,957,2023,2,2,2,2,2,1,2,1,1,2,2,1,1,1,0,0,0,0,0,0,0
21465,Estimates,Cook Islands,35,184,COK,CK,184,Country/Area,957,2023,1,1,1,1,0,0,0,0,0,0,0,1,0,0,0,0,0,0,0,0,0
21539,Estimates,French Polynesia,2,258,PYF,PF,258,Country/Area,957,2023,8,10,11,11,11,9,10,11,10,10,10,9,8,6,4,3,2,1,0,0,0
21613,Estimates,Niue,35,570,NIU,NU,570,Country/Area,957,2023,0,0,0,0,0,0,0,0,0,0,0,0,0,0,0,0,0,0,0,0,0
21687,Estimates,Samoa,,882,WSM,WS,882,Country/Area,957,2023,15,15,14,11,8,7,6,5,5,5,5,4,4,3,2,1,0,0,0,0,0
21761,Estimates,Tokelau,35,772,TKL,TK,772,Country/Area,957,2023,0,0,0,0,0,0,0,0,0,0,0,0,0,0,0,0,0,0,0,0,0
21835,Estimates,Tonga,,776,TON,TO,776,Country/Area,957,2023,6,7,7,6,4,3,2,2,2,2,2,2,1,1,1,1,0,0,0,0,0
21909,Estimates,Tuvalu,,798,TUV,TV,798,Country/Area,957,2023,1,1,1,0,0,0,0,0,0,0,0,0,0,0,0,0,0,0,0,0,0
21983,Estimates,Wallis and Futuna Islands,2,876,WLF,WF,876,Country/Area,957,2023,0,0,1,1,0,0,0,0,0,0,0,0,0,0,0,0,0,0,0,0,0