country,environment,population_proportion,sample_count,sample_proportion,absolute_deviation,signed_deviation,gri_contribution_points,deviation_percentage_points,representation_ratio,over_under_representation_pct,dimension,stratum_id,representation_category
India,Urban,0.0603695647673797,177.0,0.19579646017699115,0.13542689540961145,0.13542689540961145,6.771344770480573,13.542689540961145,3.243297528008492,224.3297528008492,Country × Environment,country:India × environment:Urban,Highly Over-represented
Kenya,Urban,0.0018043527192507,121.0,0.1338495575221239,0.1320452048028732,0.1320452048028732,6.602260240143661,13.204520480287322,74.18148131131927,7318.148131131928,Country × Environment,country:Kenya × environment:Urban,Highly Over-represented
India,Rural,0.1170329481724181,15.0,0.016592920353982302,0.1004400278184358,-0.1004400278184358,5.02200139092179,-10.04400278184358,0.1417799056855073,-85.82200943144926,Country × Environment,country:India × environment:Rural,Highly Under-represented
China,Rural,0.0757304077978642,2.0,0.0022123893805309734,0.07351801841733323,-0.07351801841733323,3.6759009208666615,-7.351801841733323,0.02921401646794471,-97.07859835320552,Country × Environment,country:China × environment:Rural,Highly Under-represented
China,Urban,0.1096632966724287,33.0,0.03650442477876106,0.07315887189366764,-0.07315887189366764,3.657943594683382,-7.315887189366764,0.3328773243777462,-66.71226756222538,Country × Environment,country:China × environment:Urban,Highly Under-represented
United States of America,Urban,0.0352154047596026,59.0,0.06526548672566372,0.03005008196606112,0.03005008196606112,1.502504098303056,3.005008196606112,1.8533220666125385,85.33220666125385,Country × Environment,country:United States of America × environment:Urban,Highly Over-represented
Chile,Urban,0.0020876093689036,29.0,0.032079646017699116,0.029992036648795517,0.029992036648795517,1.499601832439776,2.999203664879552,15.366690002233106,1436.6690002233106,Country × Environment,country:Chile × environment:Urban,Highly Over-represented
Israel,Urban,0.0010234972003185,21.0,0.023230088495575223,0.022206591295256723,0.022206591295256723,1.1103295647628362,2.2206591295256723,22.696777761918938,2169.677776191894,Country × Environment,country:Israel × environment:Urban,Highly Over-represented
Viet Nam,Urban,0.0045408844682334,22.0,0.024336283185840708,0.019795398717607306,0.019795398717607306,0.9897699358803653,1.9795398717607307,5.359370703238476,435.9370703238476,Country × Environment,country:Viet Nam × environment:Urban,Highly Over-represented
Indonesia,Urban,0.0193383585840521,34.0,0.03761061946902655,0.018272260884974453,0.018272260884974453,0.9136130442487227,1.8272260884974454,1.944871344977705,94.48713449777051,Country × Environment,country:Indonesia × environment:Urban,Highly Over-represented
Canada,Urban,0.0039414861462343,20.0,0.022123893805309734,0.018182407659075434,0.018182407659075434,0.9091203829537717,1.8182407659075435,5.613084249058423,461.30842490584234,Country × Environment,country:Canada × environment:Urban,Highly Over-represented
United Kingdom,Urban,0.0072741408165495,22.0,0.024336283185840708,0.017062142369291208,0.017062142369291208,0.8531071184645603,1.7062142369291207,3.345588681823823,234.5588681823823,Country × Environment,country:United Kingdom × environment:Urban,Highly Over-represented
Indonesia,Rural,0.0156160622504308,2.0,0.0022123893805309734,0.013403672869899826,-0.013403672869899826,0.6701836434949913,-1.3403672869899825,0.14167396012204936,-85.83260398779507,Country × Environment,country:Indonesia × environment:Rural,Highly Under-represented
Pakistan,Rural,0.0166630113195226,3.0,0.00331858407079646,0.013344427248726141,-0.013344427248726141,0.667221362436307,-1.334442724872614,0.19915872390414593,-80.08412760958541,Country × Environment,country:Pakistan × environment:Rural,Highly Under-represented
Egypt,Urban,0.0055600581396719,17.0,0.018805309734513276,0.013245251594841377,0.013245251594841377,0.6622625797420688,1.3245251594841376,3.3822145851919063,238.22145851919063,Country × Environment,country:Egypt × environment:Urban,Highly Over-represented
Nigeria,Urban,0.012919621405608,0.0,0.0,0.012919621405608,-0.012919621405608,0.6459810702804,-1.2919621405608,0.0,-100.0,Country × Environment,country:Nigeria × environment:Urban,Missing
Nigeria,Rural,0.0127431428176883,0.0,0.0,0.0127431428176883,-0.0127431428176883,0.637157140884415,-1.27431428176883,0.0,-100.0,Country × Environment,country:Nigeria × environment:Rural,Missing
Bangladesh,Rural,0.0138122335952867,1.0,0.0011061946902654867,0.012706038905021214,-0.012706038905021214,0.6353019452510607,-1.2706038905021213,0.08008803808842081,-91.99119619115793,Country × Environment,country:Bangladesh × environment:Rural,Highly Under-represented
Republic of Korea,Urban,0.0054604859594054,16.0,0.017699115044247787,0.012238629084842387,0.012238629084842387,0.6119314542421194,1.2238629084842387,3.241307674047214,224.1307674047214,Country × Environment,country:Republic of Korea × environment:Urban,Highly Over-represented
Ethiopia,Rural,0.0111634825841705,0.0,0.0,0.0111634825841705,-0.0111634825841705,0.558174129208525,-1.11634825841705,0.0,-100.0,Country × Environment,country:Ethiopia × environment:Rural,Missing
Romania,Urban,0.0013852324499446,11.0,0.012168141592920354,0.010782909142975753,0.010782909142975753,0.5391454571487877,1.0782909142975754,8.784187515537193,778.4187515537193,Country × Environment,country:Romania × environment:Urban,Highly Over-represented
Brazil,Urban,0.0239164516038588,30.0,0.033185840707964605,0.009269389104105803,0.009269389104105803,0.46346945520529015,0.9269389104105803,1.3875737612602295,38.75737612602295,Country × Environment,country:Brazil × environment:Urban,Over-represented
Pakistan,Urban,0.0096467100434527,17.0,0.018805309734513276,0.009158599691060575,0.009158599691060575,0.45792998455302875,0.9158599691060575,1.9494013658342089,94.94013658342088,Country × Environment,country:Pakistan × environment:Urban,Highly Over-represented
Kazakhstan,Urban,0.001384708385838,9.0,0.00995575221238938,0.00857104382655138,0.00857104382655138,0.428552191327569,0.857104382655138,7.189782566648026,618.9782566648026,Country × Environment,country:Kazakhstan × environment:Urban,Highly Over-represented
Viet Nam,Rural,0.0081009829608416,0.0,0.0,0.0081009829608416,-0.0081009829608416,0.40504914804208003,-0.8100982960841601,0.0,-100.0,Country × Environment,country:Viet Nam × environment:Rural,Missing
Morocco,Urban,0.0029613552507424,10.0,0.011061946902654867,0.008100591651912467,0.008100591651912467,0.4050295825956234,0.8100591651912468,3.7354339368374263,273.54339368374264,Country × Environment,country:Morocco × environment:Urban,Highly Over-represented
Turkey,Urban,0.008064691521455,0.0,0.0,0.008064691521455,-0.008064691521455,0.40323457607275,-0.8064691521455,0.0,-100.0,Country × Environment,country:Turkey × environment:Urban,Missing
Iran (Islamic Republic of),Urban,0.0080476594379884,0.0,0.0,0.0080476594379884,-0.0080476594379884,0.40238297189941996,-0.8047659437988399,0.0,-100.0,Country × Environment,country:Iran (Islamic Republic of) × environment:Urban,Missing
Philippines,Urban,0.0065458227243105,12.0,0.01327433628318584,0.00672851355887534,0.00672851355887534,0.336425677943767,0.672851355887534,2.0279095298267618,102.79095298267617,Country × Environment,country:Philippines × environment:Urban,Highly Over-represented
Malawi,Urban,0.0004252780225593,6.0,0.00663716814159292,0.00621189011903362,0.00621189011903362,0.310594505951681,0.621189011903362,15.606656797477575,1460.6656797477574,Country × Environment,country:Malawi × environment:Urban,Highly Over-represented
