region,environment,population_proportion,sample_count,sample_proportion,absolute_deviation,signed_deviation,gri_contribution_points,deviation_percentage_points,representation_ratio,over_under_representation_pct,dimension,stratum_id,representation_category
Southern Asia,Urban,0.0805561211080706,201.0,0.22234513274336284,0.14178901163529223,0.14178901163529223,7.089450581764611,14.178901163529222,2.7601270975432675,176.01270975432675,Region × Environment,region:Southern Asia × environment:Urban,Highly Over-represented
Southern Asia,Rural,0.1565096491993479,19.0,0.02101769911504425,0.13549195008430365,-0.13549195008430365,6.7745975042151825,-13.549195008430365,0.1342901170794511,-86.57098829205489,Region × Environment,region:Southern Asia × environment:Rural,Highly Under-represented
Eastern Africa,Urban,0.0158944713070971,127.0,0.1404867256637168,0.1245922543566197,0.1245922543566197,6.229612717830985,12.45922543566197,8.838716491374427,783.8716491374428,Region × Environment,region:Eastern Africa × environment:Urban,Highly Over-represented
Eastern Asia,Rural,0.0804560248636974,5.0,0.0055309734513274336,0.07492505141236998,-0.07492505141236998,3.746252570618499,-7.492505141236998,0.06874529857394267,-93.12547014260574,Region × Environment,region:Eastern Asia × environment:Rural,Highly Under-represented
Eastern Asia,Urban,0.1362292853835638,63.0,0.06969026548672566,0.06653901989683814,-0.06653901989683814,3.3269509948419067,-6.653901989683813,0.5115659624177539,-48.84340375822461,Region × Environment,region:Eastern Asia × environment:Urban,Under-represented
Northern America,Urban,0.0391720887649302,79.0,0.08738938053097345,0.048217291766043245,0.048217291766043245,2.410864588302162,4.821729176604324,2.230909386920694,123.09093869206941,Region × Environment,region:Northern America × environment:Urban,Highly Over-represented
South-eastern Asia,Urban,0.0419753076714862,76.0,0.084070796460177,0.042095488788690794,0.042095488788690794,2.10477443943454,4.20954887886908,2.0028631384466595,100.28631384466595,Region × Environment,region:South-eastern Asia × environment:Urban,Highly Over-represented
South-eastern Asia,Rural,0.0439235159880167,5.0,0.0055309734513274336,0.038392542536689264,-0.038392542536689264,1.9196271268344631,-3.8392542536689263,0.12592283033162474,-87.40771696683753,Region × Environment,region:South-eastern Asia × environment:Rural,Highly Under-represented
Eastern Africa,Rural,0.040920235608741,6.0,0.00663716814159292,0.034283067467148085,-0.034283067467148085,1.7141533733574041,-3.4283067467148083,0.16219770103608958,-83.78022989639105,Region × Environment,region:Eastern Africa × environment:Rural,Highly Under-represented
South America,Urban,0.0472116252092653,67.0,0.07411504424778761,0.026903419038522315,0.026903419038522315,1.3451709519261157,2.6903419038522314,1.5698473399141215,56.98473399141215,Region × Environment,region:South America × environment:Urban,Highly Over-represented
Western Africa,Rural,0.0268306410850013,0.0,0.0,0.0268306410850013,-0.0268306410850013,1.341532054250065,-2.68306410850013,0.0,-100.0,Region × Environment,region:Western Africa × environment:Rural,Missing
Western Africa,Urban,0.0232145987490065,0.0,0.0,0.0232145987490065,-0.0232145987490065,1.1607299374503248,-2.3214598749006496,0.0,-100.0,Region × Environment,region:Western Africa × environment:Urban,Missing
Northern Europe,Urban,0.0112701296298771,30.0,0.033185840707964605,0.021915711078087506,0.021915711078087506,1.0957855539043753,2.1915711078087505,2.944583762372083,194.45837623720828,Region × Environment,region:Northern Europe × environment:Urban,Highly Over-represented
Northern Africa,Urban,0.01619934560115,29.0,0.032079646017699116,0.015880300416549115,0.015880300416549115,0.7940150208274557,1.5880300416549114,1.9803050572253833,98.03050572253834,Region × Environment,region:Northern Africa × environment:Urban,Highly Over-represented
Southern Europe,Urban,0.0140708592319264,24.0,0.02654867256637168,0.012477813334445281,0.012477813334445281,0.6238906667222641,1.2477813334445282,1.8867840356282906,88.67840356282906,Region × Environment,region:Southern Europe × environment:Urban,Highly Over-represented
Middle Africa,Rural,0.0111435681481172,0.0,0.0,0.0111435681481172,-0.0111435681481172,0.55717840740586,-1.11435681481172,0.0,-100.0,Region × Environment,region:Middle Africa × environment:Rural,Missing
Western Asia,Rural,0.0128178219528882,2.0,0.0022123893805309734,0.010605432572357227,-0.010605432572357227,0.5302716286178614,-1.0605432572357227,0.17260259883953705,-82.7397401160463,Region × Environment,region:Western Asia × environment:Rural,Highly Under-represented
Middle Africa,Urban,0.0109377419702242,1.0,0.0011061946902654867,0.009831547279958714,-0.009831547279958714,0.49157736399793567,-0.9831547279958713,0.10113556283160445,-89.88644371683957,Region × Environment,region:Middle Africa × environment:Urban,Highly Under-represented
Western Asia,Urban,0.0336022044232582,38.0,0.0420353982300885,0.008433193806830296,0.008433193806830296,0.4216596903415148,0.8433193806830296,1.2509714452243839,25.097144522438384,Region × Environment,region:Western Asia × environment:Urban,Over-represented
Northern Africa,Rural,0.0149543002997384,6.0,0.00663716814159292,0.008317132158145479,-0.008317132158145479,0.41585660790727397,-0.8317132158145479,0.44383006951579185,-55.61699304842082,Region × Environment,region:Northern Africa × environment:Rural,Highly Under-represented
Eastern Europe,Rural,0.0116220386775032,3.0,0.00331858407079646,0.00830345460670674,-0.00830345460670674,0.415172730335337,-0.830345460670674,0.28554233580552857,-71.44576641944714,Region × Environment,region:Eastern Europe × environment:Rural,Highly Under-represented
Western Europe,Rural,0.0051210234343126,12.0,0.01327433628318584,0.00815331284887324,0.00815331284887324,0.407665642443662,0.815331284887324,2.592125666569551,159.2125666569551,Region × Environment,region:Western Europe × environment:Rural,Highly Over-represented
Australia and New Zealand,Urban,0.0033300343497818,9.0,0.00995575221238938,0.006625717862607581,0.006625717862607581,0.33128589313037904,0.6625717862607581,2.98968453975309,198.968453975309,Region × Environment,region:Australia and New Zealand × environment:Urban,Highly Over-represented
Eastern Europe,Urban,0.0266287453879083,30.0,0.033185840707964605,0.006557095320056303,0.006557095320056303,0.32785476600281516,0.6557095320056303,1.2462412413554331,24.624124135543312,Region × Environment,region:Eastern Europe × environment:Urban,Over-represented
Central America,Rural,0.0059487826907914,0.0,0.0,0.0059487826907914,-0.0059487826907914,0.29743913453957,-0.59487826907914,0.0,-100.0,Region × Environment,region:Central America × environment:Rural,Missing
South America,Rural,0.0088944160183338,3.0,0.00331858407079646,0.00557583194753734,-0.00557583194753734,0.278791597376867,-0.557583194753734,0.3731087082002865,-62.689129179971346,Region × Environment,region:South America × environment:Rural,Highly Under-represented
Central Asia,Urban,0.0045364299233268,9.0,0.00995575221238938,0.00541932228906258,0.00541932228906258,0.270966114453129,0.541932228906258,2.19462272770838,119.46227277083801,Region × Environment,region:Central Asia × environment:Urban,Highly Over-represented
Central Asia,Rural,0.0048783817529263,0.0,0.0,0.0048783817529263,-0.0048783817529263,0.24391908764631498,-0.48783817529262996,0.0,-100.0,Region × Environment,region:Central Asia × environment:Rural,Missing
Northern Europe,Rural,0.0024337537113564,6.0,0.00663716814159292,0.004203414430236521,0.004203414430236521,0.21017072151182603,0.42034144302365206,2.7271322117034753,172.71322117034754,Region × Environment,region:Northern Europe × environment:Rural,Highly Over-represented
Southern Europe,Rural,0.0055519351460186,2.0,0.0022123893805309734,0.0033395457654876266,-0.0033395457654876266,0.16697728827438132,-0.33395457654876265,0.39848977380752015,-60.15102261924798,Region × Environment,region:Southern Europe × environment:Rural,Highly Under-represented
